Valor Esperado;Resultado;Latência;Ciclos
0;0;0.016752;1149508
0;0;0.016751;1149508
0;2;0.016750;1149508
0;0;0.016751;1149508
0;4;0.016750;1149508
0;0;0.016750;1149508
0;0;0.016751;1149508
0;0;0.016750;1149508
0;3;0.016750;1149508
0;6;0.016750;1149508
0;0;0.016750;1149508
0;2;0.016751;1149508
0;0;0.016750;1149508
0;7;0.016750;1149508
0;7;0.016750;1149508
0;0;0.016750;1149508
0;7;0.016751;1149508
0;0;0.016751;1149508
0;0;0.016750;1149508
0;0;0.016750;1149508
0;0;0.016750;1149508
0;2;0.016750;1149508
0;2;0.016750;1149508
0;2;0.016750;1149508
0;0;0.016751;1149508
0;2;0.016750;1149508
0;3;0.016750;1149508
0;4;0.016750;1149508
0;0;0.016750;1149508
0;0;0.016750;1149508
0;0;0.016751;1149508
0;0;0.016750;1149508
0;0;0.016750;1149508
0;5;0.016750;1149508
0;0;0.016751;1149508
0;2;0.016751;1149508
0;8;0.016750;1149508
0;7;0.016750;1149508
0;8;0.016750;1149508
0;0;0.016750;1149508
0;3;0.016750;1149508
0;0;0.016750;1149508
0;7;0.016750;1149508
0;0;0.016750;1149508
0;7;0.016750;1149508
0;0;0.016750;1149508
0;0;0.016750;1149508
0;0;0.016750;1149508
0;0;0.016751;1149508
0;3;0.016750;1149508
0;4;0.016750;1149508
0;2;0.016750;1149508
0;3;0.016750;1149508
0;8;0.016750;1149508
0;6;0.016751;1149508
0;3;0.016750;1149508
0;9;0.016750;1149508
0;2;0.016750;1149508
0;8;0.016750;1149508
0;0;0.016750;1149508
0;2;0.016750;1149508
0;8;0.016751;1149508
0;0;0.016751;1149508
0;2;0.016751;1149508
0;0;0.016750;1149508
0;2;0.016750;1149508
0;0;0.016750;1149508
0;0;0.016750;1149508
0;0;0.016751;1149508
0;3;0.016750;1149508
0;0;0.016750;1149508
0;0;0.016750;1149508
0;0;0.016750;1149508
0;3;0.016750;1149508
0;0;0.016751;1149508
0;8;0.016750;1149508
0;8;0.016751;1149508
0;0;0.016751;1149508
0;2;0.016750;1149508
0;0;0.016751;1149508
0;3;0.016750;1149508
0;0;0.016750;1149508
0;0;0.016750;1149508
0;4;0.016750;1149508
0;0;0.016751;1149508
0;0;0.016750;1149508
0;0;0.016752;1149508
0;2;0.016751;1149508
0;5;0.016751;1149508
0;0;0.016750;1149508
0;0;0.016750;1149508
0;2;0.016750;1149508
0;0;0.016750;1149508
0;2;0.016750;1149508
0;7;0.016750;1149508
0;3;0.016751;1149508
0;0;0.016750;1149508
0;0;0.016750;1149508
0;0;0.016751;1149508
0;0;0.016750;1149508
0;0;0.016750;1149508
0;0;0.016750;1149508
0;4;0.016750;1149508
0;0;0.016750;1149508
0;0;0.016750;1149508
0;0;0.016750;1149508
0;7;0.016750;1149508
0;3;0.016750;1149508
0;0;0.016750;1149508
0;2;0.016750;1149508
0;7;0.016750;1149508
0;0;0.016750;1149508
0;0;0.016751;1149508
0;9;0.016750;1149508
0;0;0.016751;1149508
0;8;0.016750;1149508
0;8;0.016751;1149508
0;0;0.016750;1149508
0;7;0.016750;1149508
0;2;0.016750;1149508
0;2;0.016751;1149508
0;0;0.016751;1149508
0;0;0.016750;1149508
0;0;0.016751;1149508
0;2;0.016751;1149508
0;0;0.016750;1149508
0;8;0.016750;1149508
0;7;0.016750;1149508
0;5;0.016751;1149508
0;2;0.016750;1149508
0;7;0.016751;1149508
0;2;0.016751;1149508
0;0;0.016750;1149508
0;2;0.016750;1149508
0;8;0.016750;1149508
0;0;0.016750;1149508
0;0;0.016751;1149508
0;7;0.016754;1149508
0;2;0.016750;1149508
0;0;0.016760;1149508
0;7;0.016751;1149508
0;2;0.016751;1149508
0;2;0.016750;1149508
0;3;0.016750;1149508
0;0;0.016752;1149508
0;0;0.016751;1149508
0;0;0.016750;1149508
0;0;0.016750;1149508
0;3;0.016750;1149508
0;0;0.016750;1149508
0;0;0.016750;1149508
0;0;0.016750;1149508
0;3;0.016750;1149508
0;2;0.016750;1149508
0;4;0.016750;1149508
0;0;0.016750;1149508
0;0;0.016751;1149508
0;3;0.016750;1149508
0;5;0.016751;1149508
0;6;0.016750;1149508
0;2;0.016750;1149508
0;0;0.016751;1149508
0;2;0.016752;1149508
0;0;0.016750;1149508
0;0;0.016750;1149508
0;0;0.016750;1149508
0;0;0.016750;1149508
0;7;0.016750;1149508
0;0;0.016754;1149508
0;0;0.016750;1149508
0;2;0.016755;1149508
0;8;0.016750;1149508
0;0;0.016760;1149508
0;0;0.016750;1149508
0;7;0.016750;1149508
0;0;0.016750;1149508
0;0;0.016751;1149508
0;0;0.016750;1149508
0;0;0.016750;1149508
0;0;0.016751;1149508
0;0;0.016751;1149508
0;0;0.016750;1149508
0;2;0.016751;1149508
0;0;0.016750;1149508
0;0;0.016750;1149508
0;0;0.016750;1149508
0;0;0.016750;1149508
0;2;0.016750;1149508
0;0;0.016750;1149508
0;2;0.016750;1149508
0;0;0.016751;1149508
0;2;0.016750;1149508
0;3;0.016750;1149508
0;2;0.016751;1149508
0;7;0.016750;1149508
0;0;0.016751;1149508
0;0;0.016750;1149508
0;8;0.016750;1149508
0;4;0.016750;1149508
0;0;0.016750;1149508
0;3;0.016750;1149508
0;7;0.016750;1149508
0;2;0.016750;1149508
0;0;0.016751;1149508
0;0;0.016750;1149508
0;8;0.016750;1149508
0;3;0.016750;1149508
0;0;0.016750;1149508
0;0;0.016750;1149508
0;2;0.016750;1149508
0;0;0.016750;1149508
0;0;0.016751;1149508
0;2;0.016750;1149508
0;2;0.016750;1149508
0;0;0.016755;1149508
0;0;0.016750;1149508
0;0;0.016754;1149508
0;3;0.016750;1149508
0;0;0.016754;1149508
0;0;0.016750;1149508
0;0;0.016750;1149508
0;2;0.016750;1149508
0;2;0.016751;1149508
0;0;0.016751;1149508
0;0;0.016752;1149508
0;7;0.016750;1149508
0;2;0.016751;1149508
0;0;0.016750;1149508
0;7;0.016750;1149508
0;0;0.016753;1149508
0;8;0.016750;1149508
0;7;0.016760;1149508
0;7;0.016750;1149508
0;0;0.016750;1149508
0;0;0.016751;1149508
0;3;0.016750;1149508
0;4;0.016750;1149508
0;4;0.016750;1149508
0;2;0.016750;1149508
0;8;0.016751;1149508
0;2;0.016750;1149508
0;0;0.016751;1149508
0;0;0.016750;1149508
0;8;0.016750;1149508
0;7;0.016750;1149508
0;0;0.016750;1149508
0;0;0.016751;1149508
0;2;0.016750;1149508
0;8;0.016751;1149508
0;0;0.016750;1149508
0;8;0.016750;1149508
0;0;0.016751;1149508
0;7;0.016750;1149508
0;2;0.016750;1149508
0;3;0.016750;1149508
0;0;0.016751;1149508
0;0;0.016751;1149508
0;0;0.016750;1149508
0;2;0.016750;1149508
0;8;0.016750;1149508
0;0;0.016750;1149508
0;0;0.016750;1149508
0;7;0.016750;1149508
0;0;0.016751;1149508
0;9;0.016750;1149508
0;0;0.016750;1149508
0;2;0.016751;1149508
0;9;0.016751;1149508
0;7;0.016750;1149508
0;2;0.016750;1149508
0;0;0.016750;1149508
0;0;0.016750;1149508
0;3;0.016751;1149508
0;7;0.016750;1149508
0;2;0.016750;1149508
0;0;0.016751;1149508
0;8;0.016750;1149508
0;0;0.016750;1149508
0;2;0.016750;1149508
0;0;0.016750;1149508
0;0;0.016750;1149508
0;0;0.016750;1149508
0;8;0.016750;1149508
0;0;0.016750;1149508
0;0;0.016750;1149508
0;7;0.016750;1149508
0;0;0.016750;1149508
0;7;0.016750;1149508
0;0;0.016750;1149508
0;2;0.016750;1149508
0;7;0.016750;1149508
0;0;0.016750;1149508
0;9;0.016751;1149508
0;8;0.016750;1149508
0;2;0.016751;1149508
0;0;0.016750;1149508
0;7;0.016752;1149508
0;0;0.016750;1149508
0;7;0.016750;1149508
0;0;0.016750;1149508
0;7;0.016751;1149508
0;0;0.016750;1149508
0;0;0.016750;1149508
0;2;0.016750;1149508
0;0;0.016753;1149508
0;0;0.016750;1149508
0;7;0.016754;1149508
0;0;0.016750;1149508
0;0;0.016750;1149508
0;9;0.016750;1149508
0;4;0.016750;1149508
0;0;0.016750;1149508
0;0;0.016750;1149508
0;0;0.016750;1149508
0;7;0.016750;1149508
0;0;0.016750;1149508
0;0;0.016751;1149508
0;0;0.016750;1149508
0;7;0.016751;1149508
0;3;0.016751;1149508
0;0;0.016750;1149508
0;4;0.016750;1149508
0;0;0.016750;1149508
0;0;0.016750;1149508
0;0;0.016750;1149508
0;0;0.016750;1149508
0;0;0.016750;1149508
0;7;0.016751;1149508
0;2;0.016750;1149508
0;0;0.016750;1149508
0;0;0.016750;1149508
0;0;0.016750;1149508
0;0;0.016750;1149508
0;7;0.016750;1149508
0;0;0.016750;1149508
0;0;0.016750;1149508
0;7;0.016750;1149508
0;0;0.016750;1149508
0;0;0.016750;1149508
0;0;0.016750;1149508
0;0;0.016750;1149508
0;7;0.016750;1149508
0;7;0.016750;1149508
0;2;0.016750;1149508
0;4;0.016750;1149508
0;7;0.016751;1149508
0;0;0.016750;1149508
0;0;0.016750;1149508
0;0;0.016750;1149508
0;0;0.016750;1149508
0;3;0.016751;1149508
0;3;0.016751;1149508
0;2;0.016750;1149508
0;7;0.016750;1149508
0;2;0.016750;1149508
0;0;0.016750;1149508
0;2;0.016750;1149508
0;0;0.016751;1149508
0;0;0.017064;1149508
0;7;0.016751;1149508
0;0;0.016760;1149508
0;0;0.016750;1149508
0;0;0.016751;1149508
0;0;0.016750;1149508
0;2;0.016751;1149508
0;0;0.016750;1149508
0;3;0.016750;1149508
0;3;0.016750;1149508
0;0;0.016750;1149508
0;2;0.016752;1149508
0;3;0.016750;1149508
0;2;0.016750;1149508
0;0;0.016750;1149508
0;0;0.016750;1149508
0;0;0.016750;1149508
0;8;0.016750;1149508
0;0;0.016750;1149508
0;0;0.016751;1149508
0;9;0.016750;1149508
0;0;0.016751;1149508
0;0;0.016750;1149508
0;9;0.016750;1149508
0;0;0.016750;1149508
0;2;0.016750;1149508
0;7;0.016750;1149508
0;0;0.016750;1149508
0;0;0.016750;1149508
0;3;0.016750;1149508
0;7;0.016751;1149508
0;2;0.016750;1149508
0;0;0.016750;1149508
0;7;0.016751;1149508
0;0;0.016752;1149508
0;9;0.016751;1149508
0;0;0.016750;1149508
0;7;0.016751;1149508
0;7;0.016750;1149508
0;7;0.016750;1149508
0;3;0.016750;1149508
0;3;0.016750;1149508
0;9;0.016750;1149508
0;8;0.016750;1149508
0;2;0.016750;1149508
0;2;0.016751;1149508
0;7;0.016750;1149508
0;5;0.016750;1149508
0;0;0.016750;1149508
0;3;0.016750;1149508
0;0;0.016750;1149508
0;0;0.016750;1149508
0;3;0.016750;1149508
0;9;0.016750;1149508
0;2;0.016750;1149508
0;0;0.016750;1149508
0;0;0.016750;1149508
0;0;0.016751;1149508
0;0;0.016751;1149508
0;0;0.016751;1149508
0;0;0.016750;1149508
0;0;0.016750;1149508
0;6;0.016751;1149508
0;0;0.016751;1149508
0;0;0.016750;1149508
0;0;0.016750;1149508
0;0;0.016750;1149508
0;0;0.016750;1149508
0;0;0.016750;1149508
0;0;0.016750;1149508
0;3;0.016750;1149508
0;0;0.016750;1149508
0;0;0.016750;1149508
0;2;0.016750;1149508
0;7;0.016750;1149508
0;2;0.016750;1149508
0;6;0.016750;1149508
0;7;0.016750;1149508
0;0;0.016750;1149508
0;0;0.016750;1149508
0;2;0.016750;1149508
0;0;0.016750;1149508
0;3;0.016750;1149508
0;3;0.016750;1149508
0;7;0.016750;1149508
0;0;0.016750;1149508
0;0;0.016751;1149508
0;0;0.016750;1149508
0;3;0.016750;1149508
0;0;0.016750;1149508
0;7;0.016750;1149508
0;0;0.016750;1149508
0;0;0.016751;1149508
0;0;0.016750;1149508
0;0;0.016750;1149508
0;0;0.016755;1149508
0;0;0.016750;1149508
0;0;0.016750;1149508
0;3;0.016750;1149508
0;0;0.016750;1149508
0;0;0.016750;1149508
0;0;0.016750;1149508
0;0;0.016750;1149508
0;3;0.016750;1149508
0;0;0.016750;1149508
0;3;0.016750;1149508
0;7;0.016751;1149508
0;0;0.016750;1149508
0;0;0.016751;1149508
0;0;0.016750;1149508
0;0;0.016750;1149508
0;0;0.016750;1149508
0;0;0.016751;1149508
0;7;0.016750;1149508
0;0;0.016751;1149508
0;0;0.016750;1149508
0;2;0.016751;1149508
0;9;0.016750;1149508
0;0;0.016751;1149508
0;0;0.016750;1149508
0;0;0.016750;1149508
0;0;0.016751;1149508
0;8;0.016750;1149508
0;0;0.016750;1149508
0;0;0.016750;1149508
0;0;0.016750;1149508
0;2;0.016750;1149508
0;7;0.016751;1149508
0;2;0.016750;1149508
0;2;0.016750;1149508
0;0;0.016750;1149508
0;8;0.016750;1149508
0;0;0.016750;1149508
0;2;0.016750;1149508
0;0;0.016750;1149508
0;8;0.016752;1149508
0;0;0.016751;1149508
0;0;0.016751;1149508
0;0;0.016750;1149508
0;0;0.016750;1149508
0;0;0.016750;1149508
0;0;0.016750;1149508
0;2;0.016750;1149508
0;9;0.016750;1149508
0;4;0.016750;1149508
0;0;0.016750;1149508
0;0;0.016750;1149508
0;3;0.016750;1149508
0;2;0.016750;1149508
0;2;0.016751;1149508
0;0;0.016750;1149508
0;0;0.016751;1149508
0;2;0.016750;1149508
0;2;0.016750;1149508
0;0;0.016751;1149508
0;7;0.016750;1149508
0;7;0.016750;1149508
0;0;0.016750;1149508
0;0;0.016750;1149508
0;2;0.016750;1149508
0;3;0.016750;1149508
0;0;0.016750;1149508
0;3;0.016751;1149508
0;0;0.016750;1149508
0;0;0.016750;1149508
0;0;0.016750;1149508
0;0;0.016753;1149508
0;0;0.016751;1149508
0;0;0.016752;1149508
0;2;0.016750;1149508
0;7;0.016750;1149508
0;8;0.016750;1149508
0;2;0.016750;1149508
0;2;0.016750;1149508
0;0;0.016750;1149508
0;0;0.016750;1149508
0;2;0.016750;1149508
0;2;0.016750;1149508
0;0;0.016750;1149508
0;3;0.016751;1149508
0;0;0.016750;1149508
0;0;0.016754;1149508
0;0;0.016750;1149508
0;0;0.016750;1149508
0;0;0.016750;1149508
0;0;0.016750;1149508
0;8;0.016750;1149508
0;0;0.016750;1149508
0;0;0.016750;1149508
0;0;0.016750;1149508
0;5;0.016751;1149508
0;0;0.016750;1149508
0;0;0.016750;1149508
0;0;0.016751;1149508
0;0;0.016750;1149508
0;3;0.016750;1149508
0;0;0.016750;1149508
0;0;0.016750;1149508
0;0;0.016750;1149508
0;0;0.016750;1149508
0;0;0.016750;1149508
0;0;0.016750;1149508
0;2;0.016750;1149508
0;8;0.016750;1149508
0;0;0.016750;1149508
0;7;0.016750;1149508
0;0;0.016750;1149508
0;0;0.016750;1149508
0;0;0.016750;1149508
0;0;0.016750;1149508
0;0;0.016752;1149508
0;0;0.016750;1149508
0;2;0.016750;1149508
0;2;0.016751;1149508
0;2;0.016750;1149508
0;3;0.016750;1149508
0;0;0.016750;1149508
0;6;0.016751;1149508
0;7;0.016751;1149508
0;0;0.016750;1149508
0;0;0.016751;1149508
0;0;0.016750;1149508
0;0;0.016750;1149508
0;0;0.016750;1149508
0;0;0.016750;1149508
0;2;0.016750;1149508
0;0;0.016750;1149508
0;0;0.016760;1149508
0;2;0.016750;1149508
0;0;0.016750;1149508
0;0;0.016751;1149508
0;0;0.016750;1149508
0;0;0.016750;1149508
0;0;0.016750;1149508
0;7;0.016750;1149508
0;7;0.016750;1149508
0;3;0.016750;1149508
0;0;0.016751;1149508
0;0;0.016750;1149508
0;0;0.016750;1149508
0;0;0.016750;1149508
0;0;0.016750;1149508
0;7;0.016750;1149508
0;7;0.016750;1149508
0;0;0.016750;1149508
0;3;0.016751;1149508
0;0;0.016750;1149508
0;7;0.016750;1149508
0;2;0.016751;1149508
0;4;0.016750;1149508
0;7;0.016750;1149508
0;0;0.016751;1149508
0;0;0.016750;1149508
0;4;0.016750;1149508
0;0;0.016750;1149508
0;7;0.016750;1149508
0;0;0.016750;1149508
0;0;0.016751;1149508
0;0;0.016751;1149508
0;0;0.016750;1149508
0;3;0.016750;1149508
0;0;0.016750;1149508
0;0;0.016751;1149508
0;0;0.016750;1149508
0;0;0.016750;1149508
0;0;0.016751;1149508
0;8;0.016751;1149508
0;8;0.016750;1149508
0;2;0.016750;1149508
0;2;0.016750;1149508
0;9;0.016750;1149508
0;8;0.016860;1149508
0;0;0.016752;1149508
0;3;0.016751;1149508
0;7;0.016751;1149508
0;0;0.016751;1149508
0;0;0.016750;1149508
0;2;0.016750;1149508
0;0;0.016750;1149508
0;2;0.016750;1149508
0;0;0.016750;1149508
0;0;0.016750;1149508
0;2;0.016752;1149508
0;7;0.016750;1149508
0;0;0.016755;1149508
0;2;0.016750;1149508
0;0;0.016751;1149508
0;8;0.016751;1149508
0;0;0.016751;1149508
0;2;0.016750;1149508
0;0;0.016750;1149508
0;3;0.016750;1149508
0;2;0.016751;1149508
0;0;0.016750;1149508
0;0;0.016751;1149508
0;0;0.016750;1149508
0;7;0.016750;1149508
0;2;0.016750;1149508
0;0;0.016751;1149508
0;0;0.016750;1149508
0;7;0.016750;1149508
0;2;0.016751;1149508
0;0;0.016750;1149508
0;2;0.016750;1149508
0;7;0.016751;1149508
0;2;0.016751;1149508
0;0;0.016752;1149508
0;4;0.016750;1149508
0;5;0.016751;1149508
0;0;0.016750;1149508
0;7;0.016750;1149508
0;0;0.016759;1149508
0;8;0.016750;1149508
0;3;0.016750;1149508
0;7;0.016750;1149508
0;0;0.016750;1149508
0;4;0.016750;1149508
0;0;0.016750;1149508
0;7;0.016750;1149508
0;0;0.016750;1149508
0;0;0.016750;1149508
0;3;0.016750;1149508
0;0;0.016750;1149508
0;0;0.016750;1149508
0;0;0.016750;1149508
0;0;0.016750;1149508
0;0;0.016750;1149508
0;3;0.016750;1149508
0;2;0.016751;1149508
0;2;0.016751;1149508
0;2;0.016751;1149508
0;3;0.016750;1149508
0;3;0.016750;1149508
0;3;0.016751;1149508
0;2;0.016751;1149508
0;0;0.016750;1149508
0;7;0.016751;1149508
0;2;0.016750;1149508
0;9;0.016751;1149508
0;7;0.016750;1149508
0;8;0.016753;1149508
0;7;0.016750;1149508
0;2;0.016754;1149508
0;0;0.016750;1149508
0;9;0.016755;1149508
0;2;0.016751;1149508
0;0;0.016750;1149508
0;0;0.016750;1149508
0;7;0.016750;1149508
0;0;0.016750;1149508
0;2;0.016750;1149508
0;2;0.016751;1149508
0;0;0.016750;1149508
0;4;0.016750;1149508
0;0;0.016750;1149508
0;0;0.016750;1149508
0;0;0.016750;1149508
0;0;0.016750;1149508
0;0;0.016750;1149508
0;0;0.016750;1149508
0;0;0.016751;1149508
0;0;0.016750;1149508
0;3;0.016751;1149508
0;0;0.016750;1149508
0;0;0.016750;1149508
0;0;0.016750;1149508
0;0;0.016750;1149508
0;0;0.016750;1149508
0;0;0.016750;1149508
0;0;0.016750;1149508
0;0;0.016751;1149508
0;0;0.016750;1149508
0;0;0.016750;1149508
0;0;0.016750;1149508
0;0;0.016750;1149508
0;0;0.016750;1149508
0;0;0.016751;1149508
0;0;0.016750;1149508
0;0;0.016750;1149508
0;0;0.016751;1149508
0;0;0.016750;1149508
0;0;0.016750;1149508
0;0;0.016750;1149508
0;0;0.016750;1149508
0;0;0.016750;1149508
0;0;0.016750;1149508
0;0;0.016750;1149508
0;0;0.016750;1149508
0;0;0.016750;1149508
0;0;0.016751;1149508
0;0;0.016750;1149508
0;9;0.016750;1149508
0;0;0.016750;1149508
0;3;0.016750;1149508
0;0;0.016754;1149508
0;2;0.016750;1149508
0;0;0.016750;1149508
0;0;0.016750;1149508
0;0;0.016750;1149508
0;0;0.016750;1149508
0;4;0.016751;1149508
0;7;0.016750;1149508
0;0;0.016750;1149508
0;0;0.016751;1149508
0;0;0.016750;1149508
0;7;0.016750;1149508
0;3;0.016834;1149508
0;0;0.016751;1149508
0;0;0.016754;1149508
0;0;0.016751;1149508
0;3;0.016751;1149508
0;0;0.016752;1149508
0;4;0.016750;1149508
0;0;0.016752;1149508
0;0;0.016750;1149508
0;0;0.016752;1149508
0;0;0.016751;1149508
0;0;0.016750;1149508
0;0;0.016751;1149508
0;0;0.016750;1149508
0;0;0.016750;1149508
0;0;0.016751;1149508
0;0;0.016750;1149508
0;0;0.016750;1149508
0;2;0.016750;1149508
0;0;0.016750;1149508
0;2;0.016750;1149508
0;0;0.016750;1149508
0;9;0.016750;1149508
0;7;0.016750;1149508
0;0;0.016750;1149508
0;0;0.016750;1149508
0;8;0.016750;1149508
0;7;0.016750;1149508
0;7;0.016750;1149508
0;0;0.016753;1149508
0;3;0.016750;1149508
0;2;0.016751;1149508
0;0;0.016750;1149508
0;0;0.016750;1149508
0;0;0.016750;1149508
0;7;0.016751;1149508
0;0;0.016750;1149508
0;0;0.016750;1149508
0;7;0.016750;1149508
0;7;0.016750;1149508
0;7;0.016750;1149508
0;0;0.016750;1149508
0;0;0.016750;1149508
0;0;0.016750;1149508
0;0;0.016750;1149508
0;0;0.016750;1149508
0;2;0.016750;1149508
0;0;0.016750;1149508
0;0;0.016750;1149508
0;8;0.016750;1149508
0;0;0.016751;1149508
0;7;0.016750;1149508
0;8;0.016750;1149508
0;0;0.016750;1149508
0;0;0.016750;1149508
0;0;0.016750;1149508
0;0;0.016750;1149508
0;2;0.016750;1149508
0;0;0.016750;1149508
0;9;0.016750;1149508
0;0;0.016750;1149508
0;0;0.016750;1149508
0;0;0.016750;1149508
0;0;0.016751;1149508
0;0;0.016751;1149508
0;0;0.016750;1149508
0;0;0.016750;1149508
0;0;0.016750;1149508
0;0;0.016750;1149508
0;2;0.016750;1149508
0;0;0.016750;1149508
0;7;0.016750;1149508
0;7;0.016750;1149508
0;0;0.016751;1149508
0;0;0.016750;1149508
0;0;0.016750;1149508
0;3;0.016752;1149508
0;0;0.016750;1149508
0;3;0.016750;1149508
0;0;0.016750;1149508
0;3;0.016751;1149508
0;0;0.016751;1149508
0;0;0.016750;1149508
0;4;0.016750;1149508
0;0;0.016750;1149508
0;0;0.016750;1149508
0;0;0.016750;1149508
0;0;0.016750;1149508
0;0;0.016750;1149508
0;2;0.016750;1149508
0;2;0.016751;1149508
0;0;0.016750;1149508
0;0;0.016750;1149508
0;0;0.016750;1149508
0;0;0.016752;1149508
0;0;0.016750;1149508
0;0;0.016750;1149508
0;0;0.016750;1149508
0;0;0.016750;1149508
0;0;0.016750;1149508
0;0;0.016750;1149508
0;0;0.016750;1149508
0;2;0.016750;1149508
0;0;0.016750;1149508
0;7;0.016750;1149508
0;0;0.016751;1149508
0;0;0.016750;1149508
0;0;0.016750;1149508
0;8;0.016750;1149508
0;8;0.016750;1149508
0;7;0.016750;1149508
0;0;0.016750;1149508
0;0;0.016750;1149508
0;0;0.016751;1149508
0;0;0.016750;1149508
0;0;0.016750;1149508
0;0;0.016750;1149508
0;0;0.016750;1149508
0;0;0.016751;1149508
0;2;0.016750;1149508
0;0;0.016750;1149508
0;8;0.016750;1149508
0;8;0.016750;1149508
0;0;0.016750;1149508
0;0;0.016750;1149508
0;0;0.016750;1149508
0;0;0.016750;1149508
0;0;0.016751;1149508
0;0;0.016750;1149508
0;3;0.016750;1149508
0;0;0.016750;1149508
0;2;0.016750;1149508
0;0;0.016751;1149508
0;0;0.016750;1149508
0;0;0.016750;1149508
0;0;0.016750;1149508
0;7;0.016751;1149508
0;0;0.016772;1149508
0;2;0.016751;1149508
0;7;0.016750;1149508
0;0;0.016751;1149508
0;0;0.016751;1149508
0;0;0.016751;1149508
0;0;0.016750;1149508
0;3;0.016751;1149508
0;0;0.016750;1149508
0;0;0.016750;1149508
0;0;0.016750;1149508
0;0;0.016750;1149508
0;0;0.016750;1149508
0;8;0.016750;1149508
0;2;0.016750;1149508
0;0;0.016751;1149508
0;4;0.016750;1149508
0;2;0.016751;1149508
0;0;0.016750;1149508
0;0;0.016750;1149508
0;2;0.016750;1149508
0;0;0.016750;1149508
0;0;0.016750;1149508
0;0;0.016750;1149508
0;0;0.016750;1149508
0;7;0.016751;1149508
0;0;0.016750;1149508
0;8;0.016750;1149508
0;0;0.016753;1149508
0;0;0.016751;1149508
0;7;0.016750;1149508
0;4;0.016750;1149508
0;0;0.016750;1149508
0;0;0.016750;1149508
0;9;0.016751;1149508
0;7;0.016751;1149508
0;0;0.016750;1149508
0;3;0.016754;1149508
0;0;0.016750;1149508
0;0;0.016750;1149508
0;0;0.016750;1149508
0;9;0.016751;1149508
0;7;0.016750;1149508
0;3;0.016751;1149508
0;0;0.016750;1149508
0;0;0.016750;1149508
0;4;0.016751;1149508
0;0;0.016750;1149508
0;0;0.016750;1149508
0;9;0.016750;1149508
0;7;0.016750;1149508
0;9;0.016750;1149508
0;4;0.016751;1149508
0;5;0.016750;1149508
0;7;0.016755;1149508
0;9;0.016750;1149508
0;0;0.016754;1149508
0;7;0.016752;1149508
0;0;0.016751;1149508
0;0;0.016751;1149508
0;7;0.016750;1149508
0;0;0.016750;1149508
0;9;0.016750;1149508
0;8;0.016750;1149508
0;3;0.016751;1149508
0;3;0.016750;1149508
0;7;0.016750;1149508
0;0;0.016750;1149508
0;0;0.016750;1149508
0;7;0.016750;1149508
0;0;0.016750;1149508
0;0;0.016751;1149508
0;7;0.016750;1149508
0;0;0.016751;1149508
0;0;0.016750;1149508
0;7;0.016750;1149508
0;0;0.016750;1149508
0;0;0.016751;1149508
0;8;0.016750;1149508
1;1;0.016750;1149508
1;1;0.016750;1149508
1;1;0.016750;1149508
1;1;0.016750;1149508
1;1;0.016751;1149508
1;1;0.016750;1149508
1;1;0.016750;1149508
1;1;0.016750;1149508
1;1;0.016750;1149508
1;1;0.016751;1149508
1;1;0.016750;1149508
1;1;0.016750;1149508
1;1;0.016750;1149508
1;1;0.016750;1149508
1;1;0.016752;1149508
1;1;0.016750;1149508
1;1;0.016750;1149508
1;1;0.016751;1149508
1;1;0.016750;1149508
1;1;0.016751;1149508
1;1;0.016750;1149508
1;1;0.016755;1149508
1;1;0.016751;1149508
1;1;0.016751;1149508
1;8;0.016750;1149508
1;1;0.016750;1149508
1;1;0.016750;1149508
1;1;0.016750;1149508
1;1;0.016751;1149508
1;1;0.016750;1149508
1;1;0.016750;1149508
1;1;0.016750;1149508
1;1;0.016750;1149508
1;1;0.016750;1149508
1;1;0.016750;1149508
1;1;0.016751;1149508
1;1;0.016750;1149508
1;1;0.016751;1149508
1;1;0.016750;1149508
1;1;0.016750;1149508
1;1;0.016750;1149508
1;1;0.016750;1149508
1;1;0.016750;1149508
1;1;0.016751;1149508
1;1;0.016753;1149508
1;1;0.016750;1149508
1;1;0.016750;1149508
1;1;0.016750;1149508
1;1;0.016750;1149508
1;1;0.016751;1149508
1;1;0.016750;1149508
1;1;0.016750;1149508
1;1;0.016751;1149508
1;1;0.016753;1149508
1;1;0.016750;1149508
1;1;0.016750;1149508
1;1;0.016752;1149508
1;1;0.016751;1149508
1;1;0.016750;1149508
1;1;0.016750;1149508
1;8;0.016750;1149508
1;1;0.016750;1149508
1;1;0.016750;1149508
1;1;0.016750;1149508
1;1;0.016750;1149508
1;1;0.016750;1149508
1;1;0.016750;1149508
1;1;0.016750;1149508
1;1;0.016750;1149508
1;1;0.016750;1149508
1;1;0.016750;1149508
1;1;0.016750;1149508
1;1;0.016750;1149508
1;1;0.016750;1149508
1;1;0.016750;1149508
1;1;0.016751;1149508
1;1;0.016750;1149508
1;1;0.016751;1149508
1;1;0.016750;1149508
1;1;0.016750;1149508
1;1;0.016760;1149508
1;1;0.016750;1149508
1;1;0.016751;1149508
1;1;0.016751;1149508
1;1;0.016750;1149508
1;1;0.016750;1149508
1;1;0.016750;1149508
1;1;0.016750;1149508
1;1;0.016751;1149508
1;1;0.016750;1149508
1;1;0.016751;1149508
1;1;0.016751;1149508
1;1;0.016750;1149508
1;1;0.016750;1149508
1;1;0.016750;1149508
1;1;0.016750;1149508
1;1;0.016750;1149508
1;1;0.016751;1149508
1;1;0.016751;1149508
1;1;0.016750;1149508
1;1;0.016750;1149508
1;1;0.016751;1149508
1;1;0.016751;1149508
1;1;0.016750;1149508
1;4;0.016750;1149508
1;1;0.016750;1149508
1;1;0.016751;1149508
1;2;0.016750;1149508
1;1;0.016751;1149508
1;1;0.016751;1149508
1;1;0.016750;1149508
1;2;0.016750;1149508
1;9;0.016750;1149508
1;1;0.016751;1149508
1;1;0.016750;1149508
1;1;0.016750;1149508
1;1;0.016751;1149508
1;1;0.016750;1149508
1;1;0.016750;1149508
1;1;0.016751;1149508
1;1;0.016750;1149508
1;8;0.016750;1149508
1;1;0.016750;1149508
1;1;0.016750;1149508
1;1;0.016750;1149508
1;1;0.016750;1149508
1;1;0.016750;1149508
1;1;0.016750;1149508
1;1;0.016750;1149508
1;1;0.016750;1149508
1;1;0.016750;1149508
1;1;0.016750;1149508
1;1;0.016751;1149508
1;1;0.016757;1149508
1;1;0.016750;1149508
1;1;0.016750;1149508
1;1;0.016750;1149508
1;1;0.016750;1149508
1;1;0.016750;1149508
1;1;0.016750;1149508
1;1;0.016750;1149508
1;1;0.016751;1149508
1;1;0.016750;1149508
1;1;0.016750;1149508
1;3;0.016750;1149508
1;1;0.016750;1149508
1;1;0.016750;1149508
1;1;0.016750;1149508
1;1;0.016750;1149508
1;1;0.016750;1149508
1;1;0.016750;1149508
1;2;0.016750;1149508
1;1;0.016751;1149508
1;8;0.016750;1149508
1;1;0.016750;1149508
1;1;0.016750;1149508
1;1;0.016750;1149508
1;1;0.016751;1149508
1;1;0.016750;1149508
1;1;0.016750;1149508
1;1;0.016750;1149508
1;1;0.016750;1149508
1;1;0.016750;1149508
1;1;0.016750;1149508
1;1;0.016751;1149508
1;9;0.016750;1149508
1;1;0.016751;1149508
1;1;0.016750;1149508
1;1;0.016750;1149508
1;1;0.016750;1149508
1;1;0.016751;1149508
1;4;0.016754;1149508
1;1;0.016750;1149508
1;1;0.016752;1149508
1;1;0.016750;1149508
1;1;0.016750;1149508
1;1;0.016750;1149508
1;1;0.016751;1149508
1;1;0.016751;1149508
1;1;0.016750;1149508
1;9;0.016750;1149508
1;1;0.016751;1149508
1;8;0.016751;1149508
1;1;0.016750;1149508
1;1;0.016750;1149508
1;1;0.016750;1149508
1;1;0.016750;1149508
1;1;0.016750;1149508
1;1;0.016905;1149508
1;1;0.016751;1149508
1;1;0.016751;1149508
1;1;0.016751;1149508
1;1;0.016753;1149508
1;1;0.016750;1149508
1;1;0.016750;1149508
1;1;0.016750;1149508
1;1;0.016750;1149508
1;1;0.016751;1149508
1;1;0.016750;1149508
1;1;0.016751;1149508
1;1;0.016750;1149508
1;1;0.016750;1149508
1;1;0.016750;1149508
1;1;0.016750;1149508
1;1;0.016750;1149508
1;8;0.016750;1149508
1;1;0.016751;1149508
1;1;0.016750;1149508
1;1;0.016751;1149508
1;1;0.016750;1149508
1;1;0.016750;1149508
1;1;0.016760;1149508
1;1;0.016751;1149508
1;2;0.016750;1149508
1;1;0.016750;1149508
1;1;0.016750;1149508
1;1;0.016750;1149508
1;1;0.016750;1149508
1;1;0.016750;1149508
1;1;0.016753;1149508
1;1;0.016750;1149508
1;1;0.016750;1149508
1;1;0.016750;1149508
1;1;0.016751;1149508
1;1;0.016751;1149508
1;1;0.016750;1149508
1;1;0.016750;1149508
1;1;0.016750;1149508
1;1;0.016751;1149508
1;1;0.016753;1149508
1;1;0.016750;1149508
1;1;0.016750;1149508
1;1;0.016750;1149508
1;1;0.016750;1149508
1;1;0.016750;1149508
1;1;0.016750;1149508
1;1;0.016750;1149508
1;2;0.016750;1149508
1;1;0.016751;1149508
1;1;0.016750;1149508
1;1;0.016750;1149508
1;1;0.016751;1149508
1;1;0.016750;1149508
1;1;0.016750;1149508
1;1;0.016750;1149508
1;1;0.016753;1149508
1;1;0.016949;1149508
1;1;0.016751;1149508
1;1;0.016751;1149508
1;1;0.016751;1149508
1;1;0.016751;1149508
1;7;0.016750;1149508
1;1;0.016750;1149508
1;3;0.016750;1149508
1;1;0.016750;1149508
1;7;0.016751;1149508
1;2;0.016750;1149508
1;1;0.016750;1149508
1;1;0.016750;1149508
1;1;0.016750;1149508
1;1;0.016751;1149508
1;1;0.016750;1149508
1;1;0.016750;1149508
1;1;0.016750;1149508
1;1;0.016751;1149508
1;1;0.016750;1149508
1;1;0.016750;1149508
1;1;0.016750;1149508
1;1;0.016750;1149508
1;1;0.016750;1149508
1;1;0.016750;1149508
1;1;0.016750;1149508
1;1;0.016751;1149508
1;1;0.016750;1149508
1;1;0.016750;1149508
1;1;0.016750;1149508
1;1;0.016751;1149508
1;1;0.016750;1149508
1;1;0.016751;1149508
1;1;0.016750;1149508
1;1;0.016750;1149508
1;1;0.016750;1149508
1;1;0.016750;1149508
1;1;0.016750;1149508
1;1;0.016750;1149508
1;1;0.016751;1149508
1;1;0.016750;1149508
1;1;0.016751;1149508
1;1;0.016750;1149508
1;1;0.016750;1149508
1;1;0.016750;1149508
1;1;0.016750;1149508
1;1;0.016751;1149508
1;1;0.016750;1149508
1;1;0.016750;1149508
1;1;0.016750;1149508
1;1;0.016750;1149508
1;1;0.016750;1149508
1;1;0.016750;1149508
1;1;0.016750;1149508
1;1;0.016750;1149508
1;1;0.016750;1149508
1;1;0.016750;1149508
1;1;0.016750;1149508
1;1;0.016751;1149508
1;1;0.016750;1149508
1;1;0.016751;1149508
1;1;0.016750;1149508
1;1;0.016751;1149508
1;1;0.016750;1149508
1;1;0.016751;1149508
1;1;0.016750;1149508
1;1;0.016751;1149508
1;1;0.016750;1149508
1;1;0.016751;1149508
1;1;0.016750;1149508
1;1;0.016750;1149508
1;1;0.016750;1149508
1;1;0.016760;1149508
1;1;0.016750;1149508
1;1;0.016750;1149508
1;1;0.016750;1149508
1;1;0.016750;1149508
1;1;0.016750;1149508
1;1;0.016751;1149508
1;1;0.016751;1149508
1;1;0.016751;1149508
1;1;0.016751;1149508
1;1;0.016750;1149508
1;1;0.016751;1149508
1;1;0.016751;1149508
1;1;0.016750;1149508
1;1;0.016751;1149508
1;1;0.016750;1149508
1;1;0.016750;1149508
1;1;0.016750;1149508
1;1;0.016750;1149508
1;1;0.016750;1149508
1;1;0.016750;1149508
1;1;0.016750;1149508
1;1;0.016750;1149508
1;1;0.016750;1149508
1;1;0.016750;1149508
1;1;0.016750;1149508
1;1;0.016750;1149508
1;1;0.016750;1149508
1;1;0.016750;1149508
1;1;0.016750;1149508
1;1;0.016754;1149508
1;1;0.016750;1149508
1;1;0.016751;1149508
1;1;0.016750;1149508
1;1;0.016751;1149508
1;7;0.016750;1149508
1;1;0.016750;1149508
1;1;0.016750;1149508
1;1;0.016750;1149508
1;1;0.016750;1149508
1;1;0.016750;1149508
1;1;0.016750;1149508
1;1;0.016750;1149508
1;1;0.016750;1149508
1;1;0.016750;1149508
1;4;0.016750;1149508
1;1;0.016750;1149508
1;1;0.016751;1149508
1;2;0.016750;1149508
1;1;0.016750;1149508
1;1;0.016750;1149508
1;1;0.016750;1149508
1;1;0.016750;1149508
1;1;0.016750;1149508
1;1;0.016750;1149508
1;1;0.016750;1149508
1;1;0.016750;1149508
1;1;0.016751;1149508
1;1;0.016752;1149508
1;9;0.016750;1149508
1;1;0.016750;1149508
1;1;0.016750;1149508
1;1;0.016760;1149508
1;1;0.016750;1149508
1;1;0.016750;1149508
1;1;0.016750;1149508
1;1;0.016750;1149508
1;1;0.016750;1149508
1;1;0.016750;1149508
1;1;0.016751;1149508
1;1;0.016750;1149508
1;1;0.016750;1149508
1;1;0.016750;1149508
1;1;0.016750;1149508
1;4;0.016750;1149508
1;1;0.016750;1149508
1;1;0.016750;1149508
1;1;0.016750;1149508
1;1;0.016751;1149508
1;1;0.016750;1149508
1;1;0.016750;1149508
1;1;0.016750;1149508
1;7;0.016750;1149508
1;1;0.016751;1149508
1;1;0.016750;1149508
1;1;0.016751;1149508
1;1;0.016750;1149508
1;1;0.016750;1149508
1;1;0.016750;1149508
1;3;0.016750;1149508
1;1;0.016751;1149508
1;1;0.016750;1149508
1;1;0.016750;1149508
1;9;0.016750;1149508
1;9;0.016755;1149508
1;7;0.016751;1149508
1;1;0.016751;1149508
1;1;0.016750;1149508
1;1;0.016750;1149508
1;1;0.016750;1149508
1;1;0.016750;1149508
1;1;0.016750;1149508
1;1;0.016750;1149508
1;1;0.016750;1149508
1;1;0.016750;1149508
1;1;0.016750;1149508
1;1;0.016750;1149508
1;1;0.016750;1149508
1;1;0.016750;1149508
1;1;0.016750;1149508
1;1;0.016750;1149508
1;1;0.016750;1149508
1;1;0.016750;1149508
1;1;0.016751;1149508
1;1;0.016750;1149508
1;1;0.016750;1149508
1;1;0.016750;1149508
1;1;0.016750;1149508
1;1;0.016750;1149508
1;1;0.016750;1149508
1;1;0.016750;1149508
1;1;0.016750;1149508
1;1;0.016750;1149508
1;1;0.016751;1149508
1;1;0.016750;1149508
1;1;0.016750;1149508
1;1;0.016750;1149508
1;1;0.016750;1149508
1;8;0.016760;1149508
1;1;0.016751;1149508
1;1;0.016750;1149508
1;1;0.016750;1149508
1;1;0.016751;1149508
1;1;0.016751;1149508
1;1;0.016750;1149508
1;1;0.016751;1149508
1;1;0.016751;1149508
1;1;0.016750;1149508
1;1;0.016760;1149508
1;1;0.016750;1149508
1;1;0.016751;1149508
1;1;0.016751;1149508
1;1;0.016751;1149508
1;1;0.016751;1149508
1;1;0.016754;1149508
1;1;0.016750;1149508
1;1;0.016750;1149508
1;1;0.016750;1149508
1;1;0.016750;1149508
1;1;0.016750;1149508
1;1;0.016750;1149508
1;1;0.016750;1149508
1;1;0.016751;1149508
1;1;0.016751;1149508
1;1;0.016750;1149508
1;1;0.016750;1149508
1;1;0.016750;1149508
1;1;0.016750;1149508
1;1;0.016750;1149508
1;1;0.016750;1149508
1;1;0.016750;1149508
1;1;0.016751;1149508
1;1;0.016751;1149508
1;1;0.016754;1149508
1;1;0.016750;1149508
1;1;0.016752;1149508
1;1;0.016751;1149508
1;1;0.016750;1149508
1;1;0.016751;1149508
1;9;0.016751;1149508
1;1;0.016750;1149508
1;1;0.016750;1149508
1;1;0.016750;1149508
1;1;0.016750;1149508
1;1;0.016751;1149508
1;1;0.016750;1149508
1;1;0.016750;1149508
1;8;0.016751;1149508
1;1;0.016751;1149508
1;1;0.016750;1149508
1;1;0.016750;1149508
1;1;0.016751;1149508
1;1;0.016751;1149508
1;2;0.016750;1149508
1;1;0.016750;1149508
1;1;0.016750;1149508
1;1;0.016751;1149508
1;1;0.016750;1149508
1;1;0.016751;1149508
1;1;0.016750;1149508
1;1;0.016751;1149508
1;1;0.016751;1149508
1;1;0.016751;1149508
1;1;0.016750;1149508
1;1;0.016750;1149508
1;1;0.016750;1149508
1;1;0.016751;1149508
1;1;0.016750;1149508
1;1;0.016760;1149508
1;1;0.016750;1149508
1;1;0.016751;1149508
1;8;0.016751;1149508
1;8;0.016750;1149508
1;8;0.016751;1149508
1;1;0.016751;1149508
1;1;0.016750;1149508
1;1;0.016750;1149508
1;1;0.016750;1149508
1;1;0.016750;1149508
1;1;0.016751;1149508
1;1;0.016751;1149508
1;1;0.016750;1149508
1;1;0.016750;1149508
1;1;0.016750;1149508
1;1;0.016750;1149508
1;1;0.016750;1149508
1;1;0.016751;1149508
1;8;0.016750;1149508
1;1;0.016750;1149508
1;1;0.016750;1149508
1;1;0.016751;1149508
1;1;0.016751;1149508
1;1;0.016750;1149508
1;1;0.016750;1149508
1;1;0.016750;1149508
1;1;0.016750;1149508
1;1;0.016750;1149508
1;1;0.016751;1149508
1;1;0.016750;1149508
1;1;0.016751;1149508
1;1;0.016750;1149508
1;8;0.016750;1149508
1;1;0.016750;1149508
1;1;0.016750;1149508
1;1;0.016750;1149508
1;1;0.016751;1149508
1;1;0.016750;1149508
1;1;0.016751;1149508
1;1;0.016750;1149508
1;1;0.016750;1149508
1;1;0.016750;1149508
1;1;0.016750;1149508
1;1;0.016751;1149508
1;3;0.016750;1149508
1;1;0.016751;1149508
1;1;0.016750;1149508
1;1;0.016751;1149508
1;1;0.016751;1149508
1;1;0.016750;1149508
1;4;0.016750;1149508
1;1;0.016750;1149508
1;1;0.016751;1149508
1;1;0.016750;1149508
1;1;0.016750;1149508
1;1;0.016750;1149508
1;1;0.016750;1149508
1;1;0.016750;1149508
1;1;0.016750;1149508
1;4;0.016750;1149508
1;1;0.016750;1149508
1;1;0.016750;1149508
1;7;0.016752;1149508
1;1;0.016750;1149508
1;1;0.016750;1149508
1;1;0.016750;1149508
1;1;0.016751;1149508
1;1;0.016750;1149508
1;1;0.016750;1149508
1;7;0.016750;1149508
1;1;0.016750;1149508
1;1;0.016750;1149508
1;1;0.016750;1149508
1;1;0.016750;1149508
1;1;0.016751;1149508
1;1;0.016750;1149508
1;1;0.016750;1149508
1;1;0.016751;1149508
1;1;0.016751;1149508
1;1;0.016751;1149508
1;1;0.016751;1149508
1;1;0.016750;1149508
1;1;0.016754;1149508
1;1;0.016750;1149508
1;1;0.016750;1149508
1;1;0.016750;1149508
1;1;0.016750;1149508
1;1;0.016750;1149508
1;1;0.016751;1149508
1;1;0.016750;1149508
1;1;0.016750;1149508
1;1;0.016750;1149508
1;1;0.016750;1149508
1;1;0.016750;1149508
1;1;0.016750;1149508
1;1;0.017543;1149508
1;1;0.016751;1149508
1;1;0.016750;1149508
1;1;0.016750;1149508
1;1;0.016750;1149508
1;1;0.016751;1149508
1;1;0.016750;1149508
1;1;0.016751;1149508
1;1;0.016750;1149508
1;1;0.016750;1149508
1;1;0.016750;1149508
1;1;0.016750;1149508
1;1;0.016751;1149508
1;1;0.016750;1149508
1;1;0.016750;1149508
1;1;0.016750;1149508
1;1;0.016750;1149508
1;1;0.016751;1149508
1;1;0.016750;1149508
1;1;0.016751;1149508
1;1;0.016750;1149508
1;1;0.016751;1149508
1;1;0.016750;1149508
1;1;0.016750;1149508
1;1;0.016750;1149508
1;1;0.016750;1149508
1;1;0.016750;1149508
1;7;0.016760;1149508
1;1;0.016751;1149508
1;1;0.016750;1149508
1;1;0.016750;1149508
1;1;0.016750;1149508
1;1;0.016751;1149508
1;1;0.016750;1149508
1;2;0.016750;1149508
1;1;0.016750;1149508
1;1;0.016750;1149508
1;1;0.016750;1149508
1;1;0.016750;1149508
1;1;0.016751;1149508
1;1;0.016750;1149508
1;1;0.016750;1149508
1;1;0.016750;1149508
1;1;0.016750;1149508
1;1;0.016750;1149508
1;1;0.016750;1149508
1;1;0.016751;1149508
1;1;0.016750;1149508
1;1;0.016750;1149508
1;1;0.016750;1149508
1;1;0.016751;1149508
1;1;0.016750;1149508
1;1;0.016750;1149508
1;1;0.016750;1149508
1;1;0.016750;1149508
1;1;0.016750;1149508
1;1;0.016750;1149508
1;1;0.016750;1149508
1;1;0.016751;1149508
1;1;0.016750;1149508
1;1;0.016750;1149508
1;1;0.016751;1149508
1;4;0.016750;1149508
1;1;0.016750;1149508
1;1;0.016750;1149508
1;1;0.016750;1149508
1;1;0.016750;1149508
1;1;0.016750;1149508
1;1;0.016750;1149508
1;1;0.016750;1149508
1;1;0.016750;1149508
1;1;0.016751;1149508
1;1;0.016750;1149508
1;1;0.016750;1149508
1;1;0.016750;1149508
1;1;0.016750;1149508
1;1;0.016750;1149508
1;1;0.016750;1149508
1;1;0.016750;1149508
1;1;0.016750;1149508
1;1;0.016751;1149508
1;7;0.016750;1149508
1;1;0.016750;1149508
1;1;0.016750;1149508
1;1;0.016750;1149508
1;1;0.016750;1149508
1;1;0.016755;1149508
1;1;0.016750;1149508
1;1;0.016752;1149508
1;1;0.016750;1149508
1;1;0.016750;1149508
1;1;0.016751;1149508
1;2;0.016750;1149508
1;1;0.016751;1149508
1;1;0.016751;1149508
1;1;0.016750;1149508
1;1;0.016750;1149508
1;7;0.016750;1149508
1;2;0.016750;1149508
1;8;0.016750;1149508
1;1;0.016750;1149508
1;1;0.016751;1149508
1;1;0.016750;1149508
1;1;0.016751;1149508
1;1;0.016751;1149508
1;1;0.016750;1149508
1;8;0.016750;1149508
1;8;0.016751;1149508
1;1;0.016751;1149508
1;1;0.016750;1149508
1;1;0.016751;1149508
1;8;0.016750;1149508
1;1;0.016750;1149508
1;8;0.016750;1149508
1;1;0.016750;1149508
1;1;0.016750;1149508
1;1;0.016750;1149508
1;1;0.016750;1149508
1;1;0.016750;1149508
1;1;0.016752;1149508
1;1;0.016751;1149508
1;1;0.016750;1149508
1;1;0.016750;1149508
1;1;0.016750;1149508
1;1;0.016751;1149508
1;1;0.016750;1149508
1;1;0.016751;1149508
1;1;0.016750;1149508
1;1;0.016750;1149508
1;1;0.016750;1149508
1;1;0.016750;1149508
1;1;0.016750;1149508
1;1;0.016750;1149508
1;1;0.016751;1149508
1;1;0.016750;1149508
1;1;0.016751;1149508
1;1;0.016750;1149508
1;1;0.016750;1149508
1;1;0.016750;1149508
1;1;0.016751;1149508
1;1;0.016751;1149508
1;1;0.016750;1149508
1;1;0.016750;1149508
1;1;0.016750;1149508
1;1;0.016750;1149508
1;1;0.016750;1149508
1;1;0.016750;1149508
1;1;0.016750;1149508
1;1;0.016750;1149508
1;1;0.016750;1149508
1;1;0.016750;1149508
1;8;0.016750;1149508
1;1;0.016751;1149508
1;1;0.016750;1149508
1;1;0.016783;1149508
1;1;0.016752;1149508
1;8;0.016750;1149508
1;7;0.016753;1149508
1;1;0.016751;1149508
1;1;0.016750;1149508
1;1;0.016750;1149508
1;1;0.016750;1149508
1;1;0.016751;1149508
1;1;0.016750;1149508
1;1;0.016750;1149508
1;2;0.016750;1149508
1;1;0.016751;1149508
1;1;0.016750;1149508
1;2;0.016750;1149508
1;1;0.016751;1149508
1;1;0.016750;1149508
1;1;0.016751;1149508
1;1;0.016750;1149508
1;1;0.016750;1149508
1;1;0.016751;1149508
1;1;0.016750;1149508
1;1;0.016754;1149508
1;1;0.016751;1149508
1;1;0.016751;1149508
1;1;0.016750;1149508
1;1;0.016750;1149508
1;1;0.016750;1149508
1;1;0.016751;1149508
1;1;0.016750;1149508
1;1;0.016750;1149508
1;1;0.016750;1149508
1;1;0.016750;1149508
1;1;0.016750;1149508
1;2;0.016750;1149508
1;1;0.016751;1149508
1;1;0.016750;1149508
1;2;0.016760;1149508
1;7;0.016751;1149508
1;1;0.016751;1149508
1;6;0.016750;1149508
1;2;0.016750;1149508
1;1;0.016751;1149508
1;1;0.016751;1149508
1;1;0.016751;1149508
1;1;0.016750;1149508
1;1;0.016750;1149508
1;1;0.016750;1149508
1;1;0.016750;1149508
1;1;0.016750;1149508
1;1;0.016750;1149508
1;1;0.016751;1149508
1;1;0.016751;1149508
1;1;0.016750;1149508
1;3;0.016750;1149508
1;1;0.016750;1149508
1;2;0.016751;1149508
1;1;0.016750;1149508
1;1;0.016750;1149508
1;1;0.016750;1149508
1;1;0.016750;1149508
1;1;0.016750;1149508
1;1;0.016751;1149508
1;1;0.016750;1149508
1;1;0.016750;1149508
1;1;0.016751;1149508
1;1;0.016750;1149508
1;1;0.016750;1149508
1;1;0.016760;1149508
1;1;0.016750;1149508
1;1;0.016750;1149508
1;1;0.016750;1149508
1;1;0.016751;1149508
1;8;0.016750;1149508
1;8;0.016755;1149508
1;8;0.016750;1149508
1;1;0.016750;1149508
1;3;0.016750;1149508
1;8;0.016750;1149508
1;8;0.016750;1149508
1;8;0.016750;1149508
1;2;0.016750;1149508
1;8;0.016750;1149508
1;8;0.016750;1149508
1;2;0.016750;1149508
1;1;0.016750;1149508
1;8;0.016750;1149508
1;1;0.016751;1149508
1;2;0.016750;1149508
1;2;0.016750;1149508
1;2;0.016751;1149508
1;1;0.016750;1149508
1;8;0.016752;1149508
1;8;0.016750;1149508
1;8;0.016750;1149508
1;1;0.016750;1149508
1;2;0.016750;1149508
1;2;0.016750;1149508
1;8;0.016754;1149508
1;2;0.016750;1149508
1;2;0.016750;1149508
1;1;0.016751;1149508
1;1;0.016751;1149508
1;8;0.016751;1149508
1;1;0.016750;1149508
1;1;0.016750;1149508
1;1;0.016750;1149508
1;1;0.016750;1149508
1;8;0.016751;1149508
1;1;0.016750;1149508
1;1;0.016751;1149508
1;8;0.016750;1149508
1;2;0.016750;1149508
1;8;0.016750;1149508
1;1;0.016750;1149508
1;1;0.016751;1149508
1;1;0.016750;1149508
1;1;0.016750;1149508
1;1;0.016750;1149508
1;1;0.016750;1149508
1;1;0.016752;1149508
1;1;0.016750;1149508
1;1;0.016750;1149508
1;1;0.016750;1149508
1;1;0.016750;1149508
1;1;0.016750;1149508
1;1;0.016750;1149508
1;1;0.016751;1149508
1;1;0.016751;1149508
1;1;0.016750;1149508
1;1;0.016750;1149508
1;1;0.016759;1149508
1;8;0.016750;1149508
1;1;0.016750;1149508
1;2;0.016750;1149508
1;2;0.016750;1149508
1;8;0.016750;1149508
1;1;0.016750;1149508
1;1;0.016751;1149508
1;2;0.016750;1149508
1;1;0.016751;1149508
1;1;0.016750;1149508
1;8;0.016750;1149508
1;2;0.016750;1149508
1;8;0.016751;1149508
1;2;0.016750;1149508
1;2;0.016750;1149508
1;2;0.016750;1149508
1;1;0.016750;1149508
1;1;0.016750;1149508
1;2;0.016750;1149508
1;1;0.016750;1149508
1;1;0.016750;1149508
1;1;0.016751;1149508
1;1;0.016750;1149508
1;1;0.016750;1149508
1;8;0.016750;1149508
1;1;0.016750;1149508
1;9;0.016753;1149508
1;1;0.016750;1149508
1;1;0.016750;1149508
1;1;0.016750;1149508
1;1;0.016751;1149508
1;1;0.016750;1149508
1;1;0.016750;1149508
1;1;0.016750;1149508
1;1;0.016760;1149508
1;1;0.016751;1149508
1;1;0.016750;1149508
1;1;0.016750;1149508
1;3;0.016750;1149508
1;1;0.016750;1149508
1;1;0.016750;1149508
1;1;0.016750;1149508
1;8;0.016750;1149508
1;1;0.016750;1149508
1;1;0.016750;1149508
1;1;0.016750;1149508
1;1;0.016750;1149508
1;1;0.016752;1149508
1;1;0.016750;1149508
1;1;0.016750;1149508
1;1;0.016750;1149508
1;1;0.016750;1149508
1;1;0.016750;1149508
1;1;0.016750;1149508
1;4;0.016750;1149508
1;1;0.016750;1149508
1;1;0.016751;1149508
1;1;0.016751;1149508
1;1;0.016750;1149508
1;1;0.016760;1149508
1;1;0.016750;1149508
1;1;0.016752;1149508
1;1;0.016750;1149508
1;1;0.016755;1149508
1;1;0.016750;1149508
1;1;0.016750;1149508
1;1;0.016750;1149508
1;1;0.016751;1149508
1;1;0.016751;1149508
1;1;0.016750;1149508
1;1;0.016751;1149508
1;8;0.016751;1149508
1;1;0.016750;1149508
1;1;0.016750;1149508
1;1;0.016750;1149508
1;1;0.016750;1149508
1;1;0.016751;1149508
1;1;0.016750;1149508
1;1;0.016750;1149508
1;1;0.016750;1149508
1;1;0.016750;1149508
1;1;0.016750;1149508
1;1;0.016750;1149508
1;1;0.016755;1149508
1;1;0.016751;1149508
1;1;0.016752;1149508
1;1;0.016750;1149508
1;1;0.016750;1149508
1;1;0.016750;1149508
1;1;0.016750;1149508
1;1;0.016750;1149508
1;1;0.016750;1149508
1;1;0.016751;1149508
1;1;0.016755;1149508
1;1;0.016750;1149508
1;2;0.016754;1149508
1;2;0.016750;1149508
1;2;0.016750;1149508
1;1;0.016750;1149508
1;6;0.016751;1149508
1;3;0.016750;1149508
1;2;0.016750;1149508
1;2;0.016750;1149508
1;2;0.016766;1149508
1;8;0.016752;1149508
1;2;0.016751;1149508
1;1;0.016751;1149508
1;8;0.016751;1149508
1;2;0.016750;1149508
1;7;0.016750;1149508
1;1;0.016750;1149508
1;1;0.016751;1149508
1;8;0.016750;1149508
1;1;0.016750;1149508
1;1;0.016751;1149508
1;1;0.016751;1149508
1;1;0.016751;1149508
1;1;0.016750;1149508
1;1;0.016750;1149508
1;1;0.016750;1149508
1;1;0.016750;1149508
1;1;0.016750;1149508
1;1;0.016750;1149508
1;1;0.016750;1149508
1;1;0.016750;1149508
1;1;0.016750;1149508
1;4;0.016750;1149508
1;1;0.016750;1149508
1;2;0.016760;1149508
1;1;0.016750;1149508
1;3;0.016760;1149508
1;2;0.016750;1149508
1;2;0.016750;1149508
1;1;0.016750;1149508
1;1;0.016750;1149508
1;1;0.016750;1149508
1;1;0.016750;1149508
1;1;0.016750;1149508
1;1;0.016750;1149508
1;1;0.016750;1149508
1;1;0.016761;1149508
1;1;0.016751;1149508
1;1;0.016751;1149508
1;1;0.016751;1149508
1;1;0.016750;1149508
1;1;0.016750;1149508
1;1;0.016751;1149508
1;1;0.016750;1149508
1;1;0.016750;1149508
1;1;0.016751;1149508
1;1;0.016750;1149508
1;1;0.016750;1149508
1;1;0.016750;1149508
1;1;0.016750;1149508
1;1;0.016750;1149508
1;1;0.016750;1149508
1;1;0.016750;1149508
1;1;0.016751;1149508
1;1;0.016750;1149508
1;1;0.016750;1149508
1;1;0.016750;1149508
1;1;0.016750;1149508
1;1;0.016750;1149508
1;1;0.016752;1149508
1;1;0.016751;1149508
1;1;0.016750;1149508
1;1;0.016750;1149508
1;8;0.016750;1149508
1;1;0.016750;1149508
1;1;0.016750;1149508
1;1;0.016750;1149508
1;1;0.016750;1149508
1;8;0.016751;1149508
1;2;0.016750;1149508
1;1;0.016750;1149508
1;8;0.016750;1149508
1;1;0.016750;1149508
1;1;0.016750;1149508
1;1;0.016759;1149508
1;1;0.016750;1149508
1;1;0.016750;1149508
1;8;0.016750;1149508
1;1;0.016751;1149508
1;1;0.016750;1149508
1;1;0.016750;1149508
1;1;0.016750;1149508
1;3;0.016750;1149508
1;1;0.016750;1149508
1;2;0.016750;1149508
1;8;0.016750;1149508
1;1;0.016751;1149508
1;1;0.016751;1149508
1;1;0.016754;1149508
1;1;0.016750;1149508
1;1;0.016750;1149508
1;1;0.016750;1149508
1;2;0.016750;1149508
1;1;0.016750;1149508
1;1;0.016750;1149508
1;1;0.016750;1149508
1;1;0.016750;1149508
1;1;0.016751;1149508
1;1;0.016750;1149508
1;1;0.016750;1149508
1;2;0.016750;1149508
1;1;0.016750;1149508
1;2;0.016750;1149508
1;8;0.016750;1149508
1;2;0.016751;1149508
1;1;0.016751;1149508
1;1;0.016751;1149508
1;8;0.016750;1149508
1;1;0.016750;1149508
1;1;0.016750;1149508
1;1;0.016750;1149508
1;1;0.016750;1149508
1;1;0.016750;1149508
1;1;0.016750;1149508
1;2;0.016750;1149508
1;1;0.016753;1149508
1;1;0.016750;1149508
1;1;0.016753;1149508
1;1;0.016751;1149508
1;1;0.016760;1149508
1;8;0.016750;1149508
1;2;0.016750;1149508
1;1;0.016751;1149508
1;1;0.016750;1149508
1;1;0.016750;1149508
1;1;0.016750;1149508
1;1;0.016750;1149508
1;2;0.016750;1149508
1;1;0.016750;1149508
1;1;0.016750;1149508
1;1;0.016750;1149508
1;1;0.016750;1149508
1;1;0.016750;1149508
2;2;0.016753;1149508
2;2;0.016750;1149508
2;2;0.016750;1149508
2;2;0.016751;1149508
2;3;0.016751;1149508
2;2;0.016751;1149508
2;4;0.016751;1149508
2;2;0.016750;1149508
2;2;0.016759;1149508
2;2;0.016750;1149508
2;2;0.016750;1149508
2;2;0.016751;1149508
2;2;0.016758;1149508
2;2;0.016750;1149508
2;6;0.016750;1149508
2;2;0.016751;1149508
2;2;0.016750;1149508
2;2;0.016750;1149508
2;2;0.016750;1149508
2;2;0.016760;1149508
2;9;0.016750;1149508
2;2;0.016750;1149508
2;2;0.016750;1149508
2;7;0.016750;1149508
2;2;0.016750;1149508
2;2;0.016750;1149508
2;2;0.016750;1149508
2;2;0.016750;1149508
2;7;0.016750;1149508
2;2;0.016751;1149508
2;2;0.016750;1149508
2;3;0.016750;1149508
2;2;0.016750;1149508
2;2;0.016750;1149508
2;8;0.016750;1149508
2;2;0.016750;1149508
2;2;0.016750;1149508
2;2;0.016750;1149508
2;2;0.016750;1149508
2;2;0.016750;1149508
2;2;0.016752;1149508
2;2;0.016750;1149508
2;8;0.016750;1149508
2;2;0.016750;1149508
2;2;0.016750;1149508
2;2;0.016751;1149508
2;8;0.016750;1149508
2;7;0.016750;1149508
2;2;0.016750;1149508
2;1;0.016750;1149508
2;4;0.016752;1149508
2;1;0.016750;1149508
2;3;0.016753;1149508
2;2;0.016750;1149508
2;8;0.016750;1149508
2;2;0.016750;1149508
2;2;0.016751;1149508
2;4;0.016750;1149508
2;2;0.016751;1149508
2;7;0.016750;1149508
2;3;0.016750;1149508
2;2;0.016750;1149508
2;8;0.016750;1149508
2;2;0.016750;1149508
2;2;0.016750;1149508
2;3;0.016751;1149508
2;6;0.016750;1149508
2;2;0.016750;1149508
2;2;0.016750;1149508
2;2;0.016750;1149508
2;9;0.016750;1149508
2;3;0.016751;1149508
2;4;0.016750;1149508
2;2;0.016750;1149508
2;2;0.016751;1149508
2;2;0.016750;1149508
2;3;0.016750;1149508
2;3;0.016750;1149508
2;2;0.016750;1149508
2;3;0.016751;1149508
2;9;0.016751;1149508
2;2;0.016750;1149508
2;2;0.016751;1149508
2;6;0.016750;1149508
2;2;0.016750;1149508
2;2;0.016751;1149508
2;2;0.016750;1149508
2;9;0.016750;1149508
2;2;0.016751;1149508
2;2;0.016750;1149508
2;2;0.016750;1149508
2;2;0.016750;1149508
2;2;0.016751;1149508
2;3;0.016751;1149508
2;8;0.016750;1149508
2;8;0.016750;1149508
2;2;0.016750;1149508
2;2;0.016750;1149508
2;2;0.016750;1149508
2;2;0.016750;1149508
2;2;0.016751;1149508
2;2;0.016750;1149508
2;2;0.016750;1149508
2;4;0.016750;1149508
2;2;0.016750;1149508
2;2;0.016750;1149508
2;2;0.016750;1149508
2;2;0.016750;1149508
2;6;0.016750;1149508
2;2;0.016750;1149508
2;2;0.016750;1149508
2;2;0.016750;1149508
2;7;0.016750;1149508
2;2;0.016750;1149508
2;3;0.016751;1149508
2;2;0.016750;1149508
2;1;0.016750;1149508
2;2;0.016750;1149508
2;2;0.016751;1149508
2;3;0.016751;1149508
2;8;0.016750;1149508
2;2;0.016750;1149508
2;2;0.016750;1149508
2;2;0.016750;1149508
2;2;0.016750;1149508
2;2;0.016750;1149508
2;2;0.016751;1149508
2;8;0.016750;1149508
2;2;0.016750;1149508
2;2;0.016750;1149508
2;2;0.016751;1149508
2;2;0.016750;1149508
2;3;0.016751;1149508
2;2;0.016750;1149508
2;2;0.016750;1149508
2;2;0.016750;1149508
2;3;0.016750;1149508
2;2;0.016750;1149508
2;2;0.016750;1149508
2;2;0.016752;1149508
2;2;0.016751;1149508
2;2;0.016750;1149508
2;9;0.016750;1149508
2;2;0.016750;1149508
2;2;0.016750;1149508
2;2;0.016751;1149508
2;9;0.016750;1149508
2;2;0.016750;1149508
2;2;0.016751;1149508
2;2;0.016750;1149508
2;2;0.016750;1149508
2;2;0.016750;1149508
2;3;0.016750;1149508
2;2;0.016750;1149508
2;3;0.016750;1149508
2;2;0.016750;1149508
2;2;0.016750;1149508
2;0;0.016750;1149508
2;2;0.016750;1149508
2;1;0.016750;1149508
2;2;0.016750;1149508
2;7;0.016750;1149508
2;1;0.016750;1149508
2;2;0.016750;1149508
2;2;0.016750;1149508
2;2;0.016750;1149508
2;2;0.016750;1149508
2;2;0.016750;1149508
2;6;0.016750;1149508
2;2;0.016750;1149508
2;2;0.016750;1149508
2;2;0.016751;1149508
2;7;0.016750;1149508
2;2;0.016750;1149508
2;2;0.016750;1149508
2;2;0.016751;1149508
2;3;0.016750;1149508
2;2;0.016750;1149508
2;2;0.016750;1149508
2;2;0.016750;1149508
2;2;0.016750;1149508
2;2;0.016751;1149508
2;2;0.016751;1149508
2;2;0.016751;1149508
2;2;0.016750;1149508
2;8;0.016751;1149508
2;2;0.016751;1149508
2;2;0.016750;1149508
2;7;0.016751;1149508
2;2;0.016750;1149508
2;2;0.016750;1149508
2;2;0.016750;1149508
2;2;0.016750;1149508
2;2;0.016750;1149508
2;8;0.016750;1149508
2;2;0.016750;1149508
2;2;0.016750;1149508
2;2;0.016751;1149508
2;2;0.016751;1149508
2;2;0.016751;1149508
2;3;0.016750;1149508
2;2;0.016750;1149508
2;2;0.016750;1149508
2;2;0.016750;1149508
2;2;0.016750;1149508
2;2;0.016750;1149508
2;2;0.016751;1149508
2;2;0.016750;1149508
2;7;0.016750;1149508
2;2;0.016750;1149508
2;2;0.016751;1149508
2;2;0.016750;1149508
2;2;0.016750;1149508
2;2;0.016750;1149508
2;2;0.016750;1149508
2;2;0.016750;1149508
2;6;0.016750;1149508
2;9;0.016750;1149508
2;3;0.016750;1149508
2;2;0.016751;1149508
2;2;0.016750;1149508
2;2;0.016750;1149508
2;8;0.016750;1149508
2;3;0.016750;1149508
2;2;0.016751;1149508
2;4;0.016750;1149508
2;2;0.016750;1149508
2;2;0.016750;1149508
2;2;0.016750;1149508
2;2;0.016750;1149508
2;2;0.016750;1149508
2;2;0.016751;1149508
2;2;0.016751;1149508
2;2;0.016750;1149508
2;2;0.016753;1149508
2;2;0.016750;1149508
2;2;0.016752;1149508
2;2;0.016750;1149508
2;2;0.016750;1149508
2;2;0.016751;1149508
2;0;0.016751;1149508
2;7;0.016750;1149508
2;4;0.016750;1149508
2;2;0.016750;1149508
2;2;0.016750;1149508
2;2;0.016750;1149508
2;2;0.016750;1149508
2;7;0.016751;1149508
2;8;0.016750;1149508
2;2;0.016750;1149508
2;2;0.016750;1149508
2;2;0.016752;1149508
2;2;0.016750;1149508
2;3;0.016751;1149508
2;2;0.016750;1149508
2;2;0.016751;1149508
2;2;0.016750;1149508
2;2;0.016755;1149508
2;2;0.016750;1149508
2;2;0.016750;1149508
2;4;0.016750;1149508
2;2;0.016750;1149508
2;2;0.016751;1149508
2;2;0.016751;1149508
2;2;0.016750;1149508
2;2;0.016750;1149508
2;2;0.016750;1149508
2;2;0.016750;1149508
2;7;0.016750;1149508
2;2;0.016750;1149508
2;2;0.016750;1149508
2;2;0.016750;1149508
2;2;0.016750;1149508
2;2;0.016751;1149508
2;2;0.016752;1149508
2;2;0.016751;1149508
2;7;0.016751;1149508
2;2;0.016750;1149508
2;2;0.016751;1149508
2;2;0.016750;1149508
2;2;0.016750;1149508
2;2;0.016750;1149508
2;3;0.016750;1149508
2;7;0.016750;1149508
2;2;0.016750;1149508
2;8;0.016750;1149508
2;3;0.016754;1149508
2;3;0.016750;1149508
2;2;0.016760;1149508
2;1;0.016751;1149508
2;7;0.016759;1149508
2;3;0.016750;1149508
2;8;0.016751;1149508
2;2;0.016750;1149508
2;7;0.016750;1149508
2;2;0.016751;1149508
2;2;0.016751;1149508
2;2;0.016750;1149508
2;2;0.016750;1149508
2;2;0.016751;1149508
2;2;0.016750;1149508
2;2;0.016751;1149508
2;2;0.016750;1149508
2;2;0.016760;1149508
2;2;0.016750;1149508
2;3;0.016750;1149508
2;3;0.016751;1149508
2;2;0.016750;1149508
2;2;0.016750;1149508
2;2;0.016750;1149508
2;3;0.016751;1149508
2;2;0.016750;1149508
2;2;0.016751;1149508
2;3;0.016751;1149508
2;1;0.016750;1149508
2;2;0.016750;1149508
2;2;0.016750;1149508
2;2;0.016751;1149508
2;4;0.016750;1149508
2;2;0.016751;1149508
2;9;0.016750;1149508
2;2;0.016750;1149508
2;2;0.016751;1149508
2;3;0.016750;1149508
2;2;0.016750;1149508
2;1;0.016750;1149508
2;2;0.016751;1149508
2;2;0.016751;1149508
2;2;0.016750;1149508
2;2;0.016750;1149508
2;2;0.016750;1149508
2;2;0.016751;1149508
2;2;0.016761;1149508
2;0;0.016750;1149508
2;2;0.016750;1149508
2;2;0.016750;1149508
2;8;0.016751;1149508
2;3;0.016750;1149508
2;6;0.016750;1149508
2;2;0.016750;1149508
2;3;0.016750;1149508
2;2;0.016750;1149508
2;2;0.016750;1149508
2;2;0.016751;1149508
2;2;0.016754;1149508
2;2;0.016750;1149508
2;2;0.016753;1149508
2;2;0.016750;1149508
2;2;0.016750;1149508
2;2;0.016750;1149508
2;3;0.016750;1149508
2;2;0.016750;1149508
2;3;0.016750;1149508
2;2;0.016750;1149508
2;2;0.016751;1149508
2;2;0.016751;1149508
2;8;0.016753;1149508
2;2;0.016750;1149508
2;2;0.016750;1149508
2;2;0.016750;1149508
2;9;0.016752;1149508
2;2;0.016750;1149508
2;2;0.016750;1149508
2;4;0.016750;1149508
2;2;0.016750;1149508
2;3;0.016750;1149508
2;3;0.016750;1149508
2;2;0.016751;1149508
2;2;0.016750;1149508
2;2;0.016750;1149508
2;2;0.016751;1149508
2;6;0.016751;1149508
2;2;0.016750;1149508
2;3;0.016750;1149508
2;2;0.016750;1149508
2;2;0.016750;1149508
2;2;0.016750;1149508
2;7;0.016750;1149508
2;2;0.016750;1149508
2;2;0.016750;1149508
2;8;0.016751;1149508
2;2;0.016750;1149508
2;8;0.016750;1149508
2;2;0.016750;1149508
2;2;0.016750;1149508
2;2;0.016750;1149508
2;3;0.016750;1149508
2;2;0.016750;1149508
2;2;0.016750;1149508
2;8;0.016750;1149508
2;2;0.016750;1149508
2;2;0.016750;1149508
2;3;0.016750;1149508
2;2;0.016751;1149508
2;2;0.016750;1149508
2;7;0.016750;1149508
2;8;0.016751;1149508
2;2;0.016750;1149508
2;2;0.016750;1149508
2;7;0.016750;1149508
2;3;0.016750;1149508
2;2;0.016750;1149508
2;2;0.016751;1149508
2;2;0.016750;1149508
2;7;0.016750;1149508
2;2;0.016750;1149508
2;2;0.016750;1149508
2;2;0.016750;1149508
2;2;0.016750;1149508
2;7;0.016750;1149508
2;2;0.016751;1149508
2;2;0.016751;1149508
2;2;0.016750;1149508
2;7;0.016750;1149508
2;2;0.016750;1149508
2;3;0.016751;1149508
2;2;0.016750;1149508
2;2;0.016750;1149508
2;4;0.016750;1149508
2;8;0.016750;1149508
2;2;0.016750;1149508
2;2;0.016750;1149508
2;2;0.016751;1149508
2;2;0.016750;1149508
2;2;0.016750;1149508
2;3;0.016751;1149508
2;2;0.016750;1149508
2;2;0.016751;1149508
2;2;0.016750;1149508
2;2;0.016750;1149508
2;2;0.016750;1149508
2;2;0.016751;1149508
2;2;0.016751;1149508
2;7;0.016751;1149508
2;2;0.016750;1149508
2;8;0.016750;1149508
2;2;0.016750;1149508
2;2;0.016754;1149508
2;2;0.016750;1149508
2;2;0.016751;1149508
2;2;0.016750;1149508
2;7;0.016750;1149508
2;2;0.016750;1149508
2;2;0.016750;1149508
2;4;0.016750;1149508
2;2;0.016750;1149508
2;2;0.016752;1149508
2;2;0.016751;1149508
2;2;0.016750;1149508
2;2;0.016751;1149508
2;2;0.016750;1149508
2;3;0.016750;1149508
2;2;0.016750;1149508
2;7;0.016750;1149508
2;2;0.016750;1149508
2;3;0.016750;1149508
2;7;0.016751;1149508
2;2;0.016750;1149508
2;2;0.016750;1149508
2;6;0.016750;1149508
2;2;0.016750;1149508
2;3;0.016750;1149508
2;3;0.016751;1149508
2;8;0.016750;1149508
2;3;0.016750;1149508
2;2;0.016750;1149508
2;2;0.016750;1149508
2;3;0.016750;1149508
2;2;0.016750;1149508
2;2;0.016752;1149508
2;2;0.016751;1149508
2;2;0.016751;1149508
2;2;0.016751;1149508
2;9;0.016751;1149508
2;2;0.016751;1149508
2;2;0.016750;1149508
2;2;0.016750;1149508
2;2;0.016750;1149508
2;2;0.016753;1149508
2;2;0.016750;1149508
2;2;0.016760;1149508
2;2;0.016751;1149508
2;2;0.016750;1149508
2;2;0.016750;1149508
2;2;0.016750;1149508
2;2;0.016750;1149508
2;2;0.016753;1149508
2;2;0.016750;1149508
2;2;0.016750;1149508
2;2;0.016750;1149508
2;8;0.016750;1149508
2;9;0.016750;1149508
2;2;0.016750;1149508
2;2;0.016750;1149508
2;2;0.016750;1149508
2;2;0.016750;1149508
2;2;0.016750;1149508
2;2;0.016750;1149508
2;2;0.016751;1149508
2;2;0.016750;1149508
2;2;0.016751;1149508
2;3;0.016751;1149508
2;2;0.016750;1149508
2;7;0.016750;1149508
2;2;0.016750;1149508
2;2;0.016750;1149508
2;2;0.016751;1149508
2;2;0.016750;1149508
2;2;0.016750;1149508
2;2;0.016751;1149508
2;2;0.016750;1149508
2;2;0.016750;1149508
2;2;0.016750;1149508
2;2;0.016751;1149508
2;2;0.016750;1149508
2;8;0.016750;1149508
2;2;0.016751;1149508
2;2;0.016751;1149508
2;2;0.016751;1149508
2;2;0.016750;1149508
2;2;0.016750;1149508
2;2;0.016750;1149508
2;2;0.016750;1149508
2;2;0.016750;1149508
2;2;0.016750;1149508
2;3;0.016750;1149508
2;2;0.016750;1149508
2;2;0.016750;1149508
2;8;0.016751;1149508
2;2;0.016750;1149508
2;2;0.016750;1149508
2;2;0.016750;1149508
2;3;0.016751;1149508
2;2;0.016750;1149508
2;6;0.016751;1149508
2;2;0.016750;1149508
2;2;0.016750;1149508
2;2;0.016750;1149508
2;3;0.016751;1149508
2;2;0.016750;1149508
2;2;0.016750;1149508
2;8;0.016750;1149508
2;2;0.016750;1149508
2;2;0.016750;1149508
2;2;0.016750;1149508
2;2;0.016750;1149508
2;2;0.016752;1149508
2;2;0.016751;1149508
2;2;0.016751;1149508
2;2;0.016750;1149508
2;2;0.016752;1149508
2;2;0.016750;1149508
2;2;0.016753;1149508
2;2;0.016750;1149508
2;2;0.016751;1149508
2;3;0.016750;1149508
2;2;0.016750;1149508
2;2;0.016750;1149508
2;2;0.016750;1149508
2;2;0.016750;1149508
2;2;0.016750;1149508
2;2;0.016750;1149508
2;2;0.016751;1149508
2;3;0.016750;1149508
2;2;0.016750;1149508
2;2;0.016750;1149508
2;6;0.016750;1149508
2;2;0.016750;1149508
2;2;0.016750;1149508
2;2;0.016750;1149508
2;2;0.016750;1149508
2;2;0.016750;1149508
2;2;0.016751;1149508
2;0;0.016750;1149508
2;2;0.016750;1149508
2;2;0.016753;1149508
2;6;0.016751;1149508
2;2;0.016750;1149508
2;2;0.016750;1149508
2;2;0.016750;1149508
2;2;0.016750;1149508
2;2;0.016750;1149508
2;2;0.016750;1149508
2;8;0.016750;1149508
2;2;0.016750;1149508
2;7;0.016750;1149508
2;8;0.016751;1149508
2;2;0.016750;1149508
2;2;0.016751;1149508
2;2;0.016750;1149508
2;8;0.016750;1149508
2;2;0.016750;1149508
2;2;0.016750;1149508
2;2;0.016750;1149508
2;2;0.016751;1149508
2;2;0.016750;1149508
2;2;0.016750;1149508
2;2;0.016751;1149508
2;2;0.016750;1149508
2;2;0.016750;1149508
2;2;0.016751;1149508
2;2;0.016751;1149508
2;2;0.016750;1149508
2;2;0.016750;1149508
2;2;0.016750;1149508
2;9;0.016750;1149508
2;2;0.016751;1149508
2;4;0.016750;1149508
2;3;0.016750;1149508
2;2;0.016750;1149508
2;2;0.016750;1149508
2;2;0.016750;1149508
2;2;0.016753;1149508
2;2;0.016750;1149508
2;2;0.016750;1149508
2;2;0.016750;1149508
2;2;0.016751;1149508
2;2;0.016751;1149508
2;2;0.016751;1149508
2;2;0.016750;1149508
2;2;0.016750;1149508
2;9;0.016750;1149508
2;2;0.016750;1149508
2;4;0.016752;1149508
2;2;0.016750;1149508
2;2;0.016751;1149508
2;2;0.016750;1149508
2;2;0.016751;1149508
2;2;0.016750;1149508
2;7;0.016750;1149508
2;2;0.016750;1149508
2;2;0.016751;1149508
2;2;0.016750;1149508
2;8;0.016750;1149508
2;2;0.016750;1149508
2;2;0.016751;1149508
2;2;0.016751;1149508
2;2;0.016751;1149508
2;2;0.016750;1149508
2;2;0.016750;1149508
2;3;0.016750;1149508
2;2;0.016750;1149508
2;2;0.016751;1149508
2;2;0.016751;1149508
2;2;0.016750;1149508
2;2;0.016750;1149508
2;2;0.016750;1149508
2;3;0.016750;1149508
2;2;0.016750;1149508
2;9;0.016750;1149508
2;2;0.016751;1149508
2;2;0.016750;1149508
2;7;0.016754;1149508
2;2;0.016750;1149508
2;2;0.016760;1149508
2;2;0.016750;1149508
2;9;0.016752;1149508
2;8;0.016750;1149508
2;2;0.016752;1149508
2;2;0.016750;1149508
2;4;0.016750;1149508
2;9;0.016750;1149508
2;2;0.016751;1149508
2;2;0.016751;1149508
2;2;0.016750;1149508
2;4;0.016750;1149508
2;2;0.016750;1149508
2;2;0.016751;1149508
2;2;0.016750;1149508
2;2;0.016750;1149508
2;2;0.016750;1149508
2;2;0.016750;1149508
2;1;0.016750;1149508
2;2;0.016750;1149508
2;2;0.016751;1149508
2;2;0.016750;1149508
2;2;0.016750;1149508
2;2;0.016750;1149508
2;2;0.016750;1149508
2;2;0.016750;1149508
2;9;0.016750;1149508
2;2;0.016751;1149508
2;2;0.016751;1149508
2;2;0.016750;1149508
2;2;0.016750;1149508
2;2;0.016750;1149508
2;7;0.016750;1149508
2;2;0.016751;1149508
2;2;0.016750;1149508
2;2;0.016750;1149508
2;2;0.016750;1149508
2;2;0.016750;1149508
2;2;0.016750;1149508
2;2;0.016750;1149508
2;2;0.016750;1149508
2;2;0.016751;1149508
2;2;0.016750;1149508
2;2;0.016750;1149508
2;2;0.016750;1149508
2;2;0.016750;1149508
2;2;0.016750;1149508
2;2;0.016750;1149508
2;2;0.016750;1149508
2;2;0.016750;1149508
2;2;0.016750;1149508
2;2;0.016751;1149508
2;2;0.016751;1149508
2;2;0.016750;1149508
2;2;0.016750;1149508
2;8;0.016752;1149508
2;3;0.016750;1149508
2;2;0.016751;1149508
2;4;0.016751;1149508
2;9;0.016750;1149508
2;4;0.016750;1149508
2;9;0.016751;1149508
2;7;0.016750;1149508
2;4;0.016750;1149508
2;2;0.016751;1149508
2;2;0.016751;1149508
2;2;0.016751;1149508
2;2;0.016751;1149508
2;2;0.016750;1149508
2;2;0.016750;1149508
2;2;0.016750;1149508
2;2;0.016750;1149508
2;2;0.016750;1149508
2;2;0.016750;1149508
2;2;0.016750;1149508
2;2;0.016751;1149508
2;2;0.016750;1149508
2;2;0.016750;1149508
2;2;0.016750;1149508
2;8;0.016750;1149508
2;2;0.016751;1149508
2;2;0.016750;1149508
2;8;0.016750;1149508
2;2;0.016750;1149508
2;4;0.016750;1149508
2;2;0.016750;1149508
2;2;0.016751;1149508
2;2;0.016751;1149508
2;2;0.016751;1149508
2;9;0.016750;1149508
2;2;0.016750;1149508
2;2;0.016751;1149508
2;2;0.016751;1149508
2;3;0.016751;1149508
2;2;0.016750;1149508
2;2;0.016751;1149508
2;2;0.016750;1149508
2;2;0.016750;1149508
2;2;0.016750;1149508
2;8;0.016750;1149508
2;8;0.016750;1149508
2;2;0.016750;1149508
2;2;0.016750;1149508
2;8;0.016750;1149508
2;8;0.016751;1149508
2;3;0.016751;1149508
2;2;0.016751;1149508
2;2;0.016751;1149508
2;2;0.016750;1149508
2;3;0.016750;1149508
2;2;0.016750;1149508
2;2;0.016750;1149508
2;4;0.016750;1149508
2;2;0.016750;1149508
2;8;0.016750;1149508
2;2;0.016750;1149508
2;3;0.016751;1149508
2;2;0.016750;1149508
2;4;0.016750;1149508
2;2;0.016750;1149508
2;2;0.016750;1149508
2;2;0.016750;1149508
2;2;0.016750;1149508
2;2;0.016751;1149508
2;2;0.016750;1149508
2;2;0.016750;1149508
2;2;0.016751;1149508
2;2;0.016750;1149508
2;2;0.016750;1149508
2;2;0.016750;1149508
2;2;0.016750;1149508
2;2;0.016750;1149508
2;2;0.016755;1149508
2;4;0.016750;1149508
2;4;0.016750;1149508
2;4;0.016750;1149508
2;2;0.016751;1149508
2;2;0.016750;1149508
2;9;0.016750;1149508
2;2;0.016750;1149508
2;2;0.016750;1149508
2;2;0.016751;1149508
2;6;0.016750;1149508
2;3;0.016750;1149508
2;2;0.016750;1149508
2;2;0.016750;1149508
2;2;0.016751;1149508
2;2;0.016750;1149508
2;2;0.016751;1149508
2;2;0.016750;1149508
2;3;0.016751;1149508
2;2;0.016750;1149508
2;2;0.016751;1149508
2;2;0.016751;1149508
2;2;0.016750;1149508
2;2;0.016750;1149508
2;2;0.016754;1149508
2;2;0.016751;1149508
2;6;0.016750;1149508
2;8;0.016750;1149508
2;8;0.016750;1149508
2;2;0.016750;1149508
2;2;0.016750;1149508
2;9;0.016751;1149508
2;2;0.016752;1149508
2;2;0.016750;1149508
2;2;0.016751;1149508
2;2;0.016750;1149508
2;2;0.016750;1149508
2;7;0.016750;1149508
2;2;0.016751;1149508
2;2;0.016750;1149508
2;4;0.016750;1149508
2;2;0.016750;1149508
2;2;0.016750;1149508
2;2;0.016750;1149508
2;2;0.016750;1149508
2;7;0.016751;1149508
2;2;0.016750;1149508
2;2;0.016750;1149508
2;2;0.016750;1149508
2;2;0.016750;1149508
2;2;0.016751;1149508
2;2;0.016750;1149508
2;2;0.016750;1149508
2;2;0.016750;1149508
2;2;0.016751;1149508
2;2;0.016750;1149508
2;2;0.016750;1149508
2;2;0.016750;1149508
2;2;0.016751;1149508
2;9;0.016752;1149508
2;2;0.016750;1149508
2;2;0.016751;1149508
2;2;0.016750;1149508
2;9;0.016751;1149508
2;9;0.016751;1149508
2;8;0.016750;1149508
2;2;0.016750;1149508
2;2;0.016751;1149508
2;2;0.016751;1149508
2;2;0.016751;1149508
2;2;0.016750;1149508
2;2;0.016751;1149508
2;8;0.016750;1149508
2;2;0.016750;1149508
2;2;0.016750;1149508
2;2;0.016751;1149508
2;2;0.016751;1149508
2;2;0.016750;1149508
2;2;0.016751;1149508
2;2;0.016750;1149508
2;2;0.016750;1149508
2;2;0.016752;1149508
2;3;0.016750;1149508
2;2;0.016750;1149508
2;2;0.016750;1149508
2;7;0.016750;1149508
2;2;0.016750;1149508
2;2;0.016750;1149508
2;2;0.016751;1149508
2;2;0.016751;1149508
2;3;0.016750;1149508
2;2;0.016750;1149508
2;2;0.016750;1149508
2;3;0.016750;1149508
2;2;0.016750;1149508
2;2;0.016750;1149508
2;2;0.016750;1149508
2;2;0.016750;1149508
2;2;0.016751;1149508
2;2;0.016750;1149508
2;2;0.016750;1149508
2;2;0.016750;1149508
2;2;0.016750;1149508
2;2;0.016750;1149508
2;2;0.016750;1149508
2;2;0.016750;1149508
2;2;0.016750;1149508
2;2;0.016750;1149508
2;2;0.016750;1149508
2;2;0.016750;1149508
2;2;0.016750;1149508
2;2;0.016750;1149508
2;2;0.016750;1149508
2;2;0.016751;1149508
2;2;0.016751;1149508
2;2;0.016750;1149508
2;2;0.016750;1149508
2;2;0.016750;1149508
2;3;0.016751;1149508
2;2;0.016752;1149508
2;2;0.016750;1149508
2;8;0.016750;1149508
2;2;0.016750;1149508
2;2;0.016750;1149508
2;2;0.016750;1149508
2;2;0.016750;1149508
2;2;0.016750;1149508
2;2;0.016751;1149508
2;2;0.016751;1149508
2;2;0.016750;1149508
2;2;0.016750;1149508
2;2;0.016750;1149508
2;8;0.016750;1149508
2;8;0.016751;1149508
2;2;0.016750;1149508
2;2;0.016750;1149508
2;3;0.016750;1149508
2;8;0.016750;1149508
2;2;0.016750;1149508
2;2;0.016750;1149508
2;2;0.016750;1149508
2;2;0.016750;1149508
2;3;0.016750;1149508
2;2;0.016751;1149508
2;2;0.016750;1149508
2;2;0.016750;1149508
2;2;0.016750;1149508
2;2;0.016750;1149508
2;2;0.016750;1149508
2;2;0.016750;1149508
2;2;0.016750;1149508
2;2;0.016750;1149508
2;2;0.016750;1149508
2;2;0.016750;1149508
2;2;0.016750;1149508
2;2;0.016750;1149508
2;2;0.016750;1149508
2;8;0.016751;1149508
2;2;0.016750;1149508
2;2;0.016750;1149508
2;3;0.016751;1149508
2;8;0.016750;1149508
2;7;0.016750;1149508
2;2;0.016750;1149508
2;2;0.016755;1149508
2;2;0.016750;1149508
2;2;0.016754;1149508
2;3;0.016752;1149508
2;4;0.016751;1149508
2;2;0.016751;1149508
2;6;0.016751;1149508
2;6;0.016750;1149508
2;8;0.016750;1149508
2;6;0.016751;1149508
2;2;0.016750;1149508
2;2;0.016750;1149508
2;2;0.016750;1149508
2;2;0.016750;1149508
2;0;0.016750;1149508
2;2;0.016750;1149508
2;2;0.016750;1149508
2;3;0.016750;1149508
2;7;0.016750;1149508
2;2;0.016750;1149508
2;4;0.016750;1149508
2;4;0.016750;1149508
2;2;0.016750;1149508
2;8;0.016750;1149508
2;2;0.016750;1149508
2;2;0.016750;1149508
2;3;0.016750;1149508
2;2;0.016750;1149508
2;2;0.016750;1149508
2;2;0.016750;1149508
2;2;0.016750;1149508
2;2;0.016750;1149508
2;3;0.016750;1149508
2;2;0.016750;1149508
2;2;0.016750;1149508
2;8;0.016750;1149508
2;2;0.016750;1149508
2;2;0.016750;1149508
2;2;0.016751;1149508
2;2;0.016751;1149508
2;2;0.016751;1149508
2;2;0.016750;1149508
2;2;0.016751;1149508
2;2;0.016750;1149508
2;4;0.016751;1149508
2;2;0.016751;1149508
2;2;0.016751;1149508
2;2;0.016750;1149508
2;2;0.016750;1149508
2;2;0.016750;1149508
2;3;0.016751;1149508
2;2;0.016750;1149508
2;7;0.016751;1149508
2;7;0.016750;1149508
2;0;0.016751;1149508
2;2;0.016750;1149508
2;2;0.016750;1149508
2;2;0.016751;1149508
2;8;0.016751;1149508
2;2;0.016750;1149508
2;8;0.016751;1149508
2;7;0.016750;1149508
2;3;0.016752;1149508
2;3;0.016751;1149508
2;2;0.016753;1149508
2;8;0.016750;1149508
2;8;0.016751;1149508
2;8;0.016750;1149508
2;8;0.016750;1149508
2;8;0.016750;1149508
2;4;0.016750;1149508
2;3;0.016750;1149508
2;2;0.016750;1149508
2;7;0.016750;1149508
2;2;0.016750;1149508
2;2;0.016750;1149508
2;7;0.016751;1149508
2;2;0.016750;1149508
2;2;0.016751;1149508
2;3;0.016750;1149508
2;2;0.016750;1149508
2;2;0.016750;1149508
3;3;0.016750;1149508
3;8;0.016750;1149508
3;3;0.016750;1149508
3;7;0.016750;1149508
3;3;0.016750;1149508
3;3;0.016750;1149508
3;8;0.016750;1149508
3;3;0.016750;1149508
3;9;0.016750;1149508
3;7;0.016750;1149508
3;3;0.016750;1149508
3;3;0.016750;1149508
3;8;0.016751;1149508
3;3;0.016750;1149508
3;3;0.016750;1149508
3;7;0.016751;1149508
3;3;0.016750;1149508
3;3;0.016750;1149508
3;8;0.016751;1149508
3;3;0.016753;1149508
3;9;0.016751;1149508
3;3;0.016750;1149508
3;7;0.016750;1149508
3;3;0.016750;1149508
3;7;0.016750;1149508
3;3;0.016750;1149508
3;3;0.016750;1149508
3;3;0.016750;1149508
3;3;0.016750;1149508
3;8;0.016750;1149508
3;9;0.016750;1149508
3;3;0.016750;1149508
3;3;0.016750;1149508
3;4;0.016751;1149508
3;8;0.016751;1149508
3;3;0.016750;1149508
3;6;0.016750;1149508
3;3;0.016750;1149508
3;3;0.016750;1149508
3;3;0.016750;1149508
3;8;0.016750;1149508
3;7;0.016750;1149508
3;7;0.016751;1149508
3;8;0.016750;1149508
3;3;0.016750;1149508
3;3;0.016750;1149508
3;3;0.016750;1149508
3;3;0.016750;1149508
3;3;0.016750;1149508
3;3;0.016750;1149508
3;4;0.016750;1149508
3;3;0.016750;1149508
3;3;0.016750;1149508
3;3;0.016750;1149508
3;2;0.016750;1149508
3;3;0.016751;1149508
3;3;0.016751;1149508
3;3;0.016751;1149508
3;8;0.016751;1149508
3;7;0.016750;1149508
3;3;0.016750;1149508
3;1;0.016750;1149508
3;3;0.016754;1149508
3;3;0.016750;1149508
3;3;0.016760;1149508
3;3;0.016750;1149508
3;3;0.016750;1149508
3;3;0.016750;1149508
3;3;0.016750;1149508
3;7;0.016750;1149508
3;3;0.016750;1149508
3;3;0.016751;1149508
3;3;0.016750;1149508
3;3;0.016750;1149508
3;8;0.016750;1149508
3;3;0.016750;1149508
3;3;0.016750;1149508
3;3;0.016750;1149508
3;3;0.016750;1149508
3;3;0.016750;1149508
3;3;0.016750;1149508
3;3;0.016750;1149508
3;3;0.016750;1149508
3;2;0.016751;1149508
3;3;0.016750;1149508
3;3;0.016751;1149508
3;3;0.016751;1149508
3;3;0.016750;1149508
3;3;0.016751;1149508
3;3;0.016750;1149508
3;2;0.016751;1149508
3;3;0.016750;1149508
3;3;0.016750;1149508
3;3;0.016750;1149508
3;3;0.016751;1149508
3;8;0.016750;1149508
3;3;0.016750;1149508
3;3;0.016751;1149508
3;3;0.016760;1149508
3;3;0.016750;1149508
3;7;0.016750;1149508
3;3;0.016750;1149508
3;3;0.016750;1149508
3;3;0.016750;1149508
3;3;0.016751;1149508
3;3;0.016751;1149508
3;3;0.016750;1149508
3;3;0.016750;1149508
3;7;0.016751;1149508
3;3;0.016750;1149508
3;3;0.016750;1149508
3;3;0.016750;1149508
3;3;0.016750;1149508
3;3;0.016750;1149508
3;3;0.016750;1149508
3;3;0.016751;1149508
3;3;0.016750;1149508
3;3;0.016750;1149508
3;3;0.016750;1149508
3;3;0.016750;1149508
3;3;0.016750;1149508
3;3;0.016751;1149508
3;8;0.016750;1149508
3;7;0.016750;1149508
3;3;0.016750;1149508
3;3;0.016750;1149508
3;3;0.016751;1149508
3;3;0.016750;1149508
3;8;0.016750;1149508
3;3;0.016750;1149508
3;7;0.016750;1149508
3;7;0.016750;1149508
3;7;0.016750;1149508
3;3;0.016750;1149508
3;3;0.016750;1149508
3;2;0.016751;1149508
3;3;0.016750;1149508
3;3;0.016750;1149508
3;3;0.016750;1149508
3;3;0.016752;1149508
3;9;0.016750;1149508
3;3;0.016750;1149508
3;3;0.016750;1149508
3;3;0.016750;1149508
3;3;0.016750;1149508
3;3;0.016750;1149508
3;3;0.016751;1149508
3;1;0.016750;1149508
3;2;0.016750;1149508
3;3;0.016750;1149508
3;3;0.016750;1149508
3;3;0.016751;1149508
3;7;0.016750;1149508
3;2;0.016751;1149508
3;3;0.016750;1149508
3;3;0.016750;1149508
3;3;0.016750;1149508
3;6;0.016754;1149508
3;3;0.016750;1149508
3;7;0.016750;1149508
3;3;0.016750;1149508
3;2;0.016754;1149508
3;8;0.016750;1149508
3;3;0.016750;1149508
3;3;0.016750;1149508
3;7;0.016750;1149508
3;3;0.016750;1149508
3;2;0.016750;1149508
3;3;0.016750;1149508
3;3;0.016750;1149508
3;3;0.016750;1149508
3;3;0.016750;1149508
3;3;0.016750;1149508
3;3;0.016750;1149508
3;3;0.016750;1149508
3;3;0.016750;1149508
3;3;0.016750;1149508
3;3;0.016750;1149508
3;8;0.016751;1149508
3;3;0.016760;1149508
3;8;0.016750;1149508
3;3;0.016750;1149508
3;3;0.016750;1149508
3;3;0.016751;1149508
3;2;0.016750;1149508
3;4;0.016750;1149508
3;9;0.016750;1149508
3;3;0.016750;1149508
3;3;0.016750;1149508
3;3;0.016751;1149508
3;3;0.016750;1149508
3;3;0.016750;1149508
3;3;0.016752;1149508
3;3;0.016751;1149508
3;3;0.016761;1149508
3;6;0.016750;1149508
3;3;0.016750;1149508
3;3;0.016751;1149508
3;3;0.016750;1149508
3;3;0.016750;1149508
3;3;0.016750;1149508
3;3;0.016750;1149508
3;3;0.016750;1149508
3;3;0.016750;1149508
3;3;0.016750;1149508
3;3;0.016750;1149508
3;8;0.016750;1149508
3;3;0.016750;1149508
3;3;0.016750;1149508
3;7;0.016750;1149508
3;3;0.016751;1149508
3;3;0.016750;1149508
3;7;0.016750;1149508
3;7;0.016750;1149508
3;7;0.016750;1149508
3;3;0.016750;1149508
3;8;0.016750;1149508
3;3;0.016750;1149508
3;3;0.016750;1149508
3;3;0.016750;1149508
3;3;0.016751;1149508
3;3;0.016750;1149508
3;8;0.016750;1149508
3;7;0.016750;1149508
3;3;0.016750;1149508
3;3;0.016750;1149508
3;3;0.016750;1149508
3;2;0.016751;1149508
3;3;0.016750;1149508
3;1;0.016752;1149508
3;3;0.016751;1149508
3;3;0.016751;1149508
3;3;0.016751;1149508
3;3;0.016750;1149508
3;3;0.016750;1149508
3;3;0.016751;1149508
3;3;0.016750;1149508
3;3;0.016752;1149508
3;7;0.016751;1149508
3;3;0.016750;1149508
3;2;0.016750;1149508
3;3;0.016750;1149508
3;9;0.016750;1149508
3;3;0.016750;1149508
3;3;0.016750;1149508
3;8;0.016750;1149508
3;5;0.016750;1149508
3;1;0.016750;1149508
3;3;0.016750;1149508
3;4;0.016750;1149508
3;3;0.016750;1149508
3;3;0.016751;1149508
3;3;0.016751;1149508
3;3;0.016750;1149508
3;3;0.016751;1149508
3;3;0.016750;1149508
3;3;0.016751;1149508
3;3;0.016750;1149508
3;8;0.016750;1149508
3;3;0.016750;1149508
3;2;0.016750;1149508
3;3;0.016750;1149508
3;3;0.016750;1149508
3;3;0.016750;1149508
3;3;0.016751;1149508
3;3;0.016750;1149508
3;3;0.016750;1149508
3;3;0.016750;1149508
3;3;0.016750;1149508
3;3;0.016750;1149508
3;7;0.016751;1149508
3;3;0.016750;1149508
3;3;0.016760;1149508
3;3;0.016750;1149508
3;3;0.016750;1149508
3;3;0.016750;1149508
3;3;0.016750;1149508
3;8;0.016750;1149508
3;3;0.016750;1149508
3;3;0.016750;1149508
3;3;0.016750;1149508
3;3;0.016750;1149508
3;3;0.016750;1149508
3;3;0.016751;1149508
3;3;0.016750;1149508
3;9;0.016750;1149508
3;3;0.016750;1149508
3;2;0.016750;1149508
3;8;0.016750;1149508
3;3;0.016750;1149508
3;3;0.016751;1149508
3;3;0.016750;1149508
3;3;0.016751;1149508
3;3;0.016750;1149508
3;3;0.016750;1149508
3;3;0.016750;1149508
3;3;0.016750;1149508
3;1;0.016751;1149508
3;3;0.016750;1149508
3;3;0.016750;1149508
3;2;0.016750;1149508
3;1;0.016750;1149508
3;3;0.016750;1149508
3;8;0.016750;1149508
3;3;0.016750;1149508
3;7;0.016760;1149508
3;9;0.016751;1149508
3;3;0.016751;1149508
3;9;0.016751;1149508
3;7;0.016750;1149508
3;3;0.016751;1149508
3;3;0.016750;1149508
3;3;0.016751;1149508
3;3;0.016750;1149508
3;3;0.016750;1149508
3;3;0.016750;1149508
3;3;0.016750;1149508
3;3;0.016750;1149508
3;3;0.016751;1149508
3;8;0.016751;1149508
3;3;0.016751;1149508
3;3;0.016750;1149508
3;3;0.016750;1149508
3;3;0.016750;1149508
3;3;0.016750;1149508
3;3;0.016750;1149508
3;3;0.016750;1149508
3;7;0.016750;1149508
3;3;0.016752;1149508
3;3;0.016752;1149508
3;7;0.016750;1149508
3;2;0.016760;1149508
3;3;0.016750;1149508
3;3;0.016751;1149508
3;3;0.016750;1149508
3;3;0.016750;1149508
3;3;0.016750;1149508
3;3;0.016751;1149508
3;3;0.016750;1149508
3;9;0.016750;1149508
3;3;0.016750;1149508
3;3;0.016750;1149508
3;3;0.016750;1149508
3;3;0.016750;1149508
3;3;0.016750;1149508
3;2;0.016750;1149508
3;3;0.016750;1149508
3;3;0.016751;1149508
3;3;0.016750;1149508
3;2;0.016750;1149508
3;3;0.016750;1149508
3;3;0.016751;1149508
3;5;0.016750;1149508
3;3;0.016750;1149508
3;7;0.016750;1149508
3;3;0.016751;1149508
3;7;0.016750;1149508
3;3;0.016750;1149508
3;3;0.016750;1149508
3;3;0.016751;1149508
3;3;0.016751;1149508
3;3;0.016750;1149508
3;3;0.016751;1149508
3;3;0.016753;1149508
3;2;0.016751;1149508
3;3;0.016754;1149508
3;3;0.016751;1149508
3;3;0.016759;1149508
3;7;0.016751;1149508
3;3;0.016750;1149508
3;4;0.016750;1149508
3;1;0.016750;1149508
3;3;0.016750;1149508
3;7;0.016750;1149508
3;8;0.016750;1149508
3;3;0.016751;1149508
3;3;0.016750;1149508
3;3;0.016750;1149508
3;3;0.016750;1149508
3;3;0.016750;1149508
3;8;0.016751;1149508
3;2;0.016751;1149508
3;3;0.016750;1149508
3;3;0.016750;1149508
3;3;0.016750;1149508
3;3;0.016750;1149508
3;3;0.016750;1149508
3;8;0.016751;1149508
3;3;0.016750;1149508
3;3;0.016751;1149508
3;8;0.016751;1149508
3;9;0.016751;1149508
3;3;0.016750;1149508
3;7;0.016751;1149508
3;3;0.016750;1149508
3;3;0.016750;1149508
3;8;0.016751;1149508
3;3;0.016750;1149508
3;8;0.016750;1149508
3;8;0.016750;1149508
3;3;0.016750;1149508
3;3;0.016751;1149508
3;3;0.016750;1149508
3;9;0.016751;1149508
3;7;0.016750;1149508
3;1;0.016751;1149508
3;3;0.016750;1149508
3;3;0.016751;1149508
3;3;0.016751;1149508
3;7;0.016750;1149508
3;3;0.016751;1149508
3;3;0.016751;1149508
3;7;0.016750;1149508
3;3;0.016750;1149508
3;3;0.016750;1149508
3;3;0.016751;1149508
3;3;0.016750;1149508
3;3;0.016751;1149508
3;7;0.016750;1149508
3;3;0.016751;1149508
3;3;0.016750;1149508
3;3;0.016751;1149508
3;7;0.016750;1149508
3;3;0.016751;1149508
3;2;0.016750;1149508
3;3;0.016750;1149508
3;3;0.016750;1149508
3;3;0.016750;1149508
3;3;0.016754;1149508
3;3;0.016750;1149508
3;3;0.016754;1149508
3;3;0.016750;1149508
3;3;0.016750;1149508
3;3;0.016750;1149508
3;3;0.016750;1149508
3;2;0.016750;1149508
3;2;0.016750;1149508
3;2;0.016751;1149508
3;3;0.016755;1149508
3;3;0.016750;1149508
3;2;0.016750;1149508
3;8;0.016750;1149508
3;3;0.016751;1149508
3;2;0.016750;1149508
3;3;0.016750;1149508
3;2;0.016750;1149508
3;3;0.016750;1149508
3;3;0.016751;1149508
3;3;0.016750;1149508
3;3;0.016751;1149508
3;3;0.016750;1149508
3;3;0.016751;1149508
3;3;0.016750;1149508
3;8;0.016751;1149508
3;3;0.016750;1149508
3;3;0.016750;1149508
3;3;0.016750;1149508
3;8;0.016750;1149508
3;3;0.016750;1149508
3;8;0.016752;1149508
3;3;0.016751;1149508
3;3;0.016760;1149508
3;3;0.016750;1149508
3;3;0.016751;1149508
3;3;0.016751;1149508
3;8;0.016751;1149508
3;3;0.016750;1149508
3;3;0.016750;1149508
3;3;0.016750;1149508
3;3;0.016750;1149508
3;3;0.016750;1149508
3;3;0.016751;1149508
3;3;0.016750;1149508
3;3;0.016750;1149508
3;0;0.016750;1149508
3;3;0.016750;1149508
3;3;0.016750;1149508
3;8;0.016751;1149508
3;3;0.016750;1149508
3;3;0.016751;1149508
3;3;0.016750;1149508
3;3;0.016750;1149508
3;3;0.016750;1149508
3;3;0.016754;1149508
3;3;0.016750;1149508
3;3;0.016750;1149508
3;3;0.016750;1149508
3;3;0.016750;1149508
3;3;0.016750;1149508
3;3;0.016755;1149508
3;3;0.016750;1149508
3;3;0.016750;1149508
3;3;0.016750;1149508
3;3;0.016750;1149508
3;3;0.016751;1149508
3;3;0.016750;1149508
3;3;0.016750;1149508
3;3;0.016750;1149508
3;3;0.016751;1149508
3;3;0.016751;1149508
3;3;0.016751;1149508
3;3;0.016751;1149508
3;3;0.016751;1149508
3;8;0.016750;1149508
3;3;0.016750;1149508
3;3;0.016750;1149508
3;3;0.016751;1149508
3;4;0.016750;1149508
3;2;0.016750;1149508
3;7;0.016750;1149508
3;3;0.016750;1149508
3;3;0.016750;1149508
3;3;0.016750;1149508
3;7;0.016750;1149508
3;2;0.016751;1149508
3;6;0.016750;1149508
3;3;0.016751;1149508
3;3;0.016751;1149508
3;3;0.016750;1149508
3;3;0.016751;1149508
3;3;0.016751;1149508
3;3;0.016754;1149508
3;7;0.016752;1149508
3;2;0.016989;1149508
3;3;0.016751;1149508
3;3;0.016750;1149508
3;3;0.016751;1149508
3;3;0.016750;1149508
3;2;0.016750;1149508
3;8;0.016750;1149508
3;3;0.016750;1149508
3;3;0.016750;1149508
3;3;0.016750;1149508
3;3;0.016750;1149508
3;6;0.016750;1149508
3;3;0.016750;1149508
3;3;0.016750;1149508
3;0;0.016750;1149508
3;3;0.016750;1149508
3;8;0.016750;1149508
3;3;0.016750;1149508
3;3;0.016750;1149508
3;8;0.016750;1149508
3;9;0.016750;1149508
3;3;0.016750;1149508
3;3;0.016750;1149508
3;8;0.016750;1149508
3;2;0.016750;1149508
3;3;0.016751;1149508
3;3;0.016750;1149508
3;3;0.016750;1149508
3;9;0.016750;1149508
3;3;0.016750;1149508
3;3;0.016750;1149508
3;3;0.016750;1149508
3;3;0.016750;1149508
3;3;0.016750;1149508
3;3;0.016760;1149508
3;3;0.016751;1149508
3;3;0.016751;1149508
3;3;0.016750;1149508
3;3;0.016750;1149508
3;3;0.016751;1149508
3;3;0.016750;1149508
3;3;0.016750;1149508
3;3;0.016750;1149508
3;3;0.016750;1149508
3;3;0.016751;1149508
3;3;0.016750;1149508
3;3;0.016751;1149508
3;3;0.016750;1149508
3;8;0.016750;1149508
3;3;0.016750;1149508
3;3;0.016750;1149508
3;9;0.016750;1149508
3;3;0.016750;1149508
3;3;0.016750;1149508
3;3;0.016750;1149508
3;3;0.016750;1149508
3;2;0.016750;1149508
3;3;0.016750;1149508
3;3;0.016750;1149508
3;3;0.016750;1149508
3;3;0.016750;1149508
3;3;0.016751;1149508
3;8;0.016750;1149508
3;3;0.016750;1149508
3;3;0.016750;1149508
3;3;0.016750;1149508
3;3;0.016750;1149508
3;3;0.016750;1149508
3;3;0.016750;1149508
3;3;0.016750;1149508
3;3;0.016750;1149508
3;8;0.016750;1149508
3;3;0.016750;1149508
3;3;0.016750;1149508
3;3;0.016750;1149508
3;3;0.016750;1149508
3;3;0.016751;1149508
3;3;0.016751;1149508
3;3;0.016750;1149508
3;3;0.016750;1149508
3;3;0.016751;1149508
3;3;0.016750;1149508
3;3;0.016750;1149508
3;2;0.016750;1149508
3;3;0.016751;1149508
3;3;0.016751;1149508
3;3;0.016750;1149508
3;3;0.016750;1149508
3;7;0.016750;1149508
3;9;0.016750;1149508
3;3;0.016750;1149508
3;3;0.016750;1149508
3;3;0.016750;1149508
3;3;0.016750;1149508
3;3;0.016750;1149508
3;3;0.016750;1149508
3;3;0.016750;1149508
3;8;0.016750;1149508
3;3;0.016750;1149508
3;3;0.016750;1149508
3;3;0.016750;1149508
3;3;0.016750;1149508
3;3;0.016750;1149508
3;3;0.016750;1149508
3;3;0.016752;1149508
3;3;0.016750;1149508
3;3;0.016752;1149508
3;3;0.016750;1149508
3;9;0.016750;1149508
3;3;0.016750;1149508
3;3;0.016750;1149508
3;3;0.016750;1149508
3;3;0.016751;1149508
3;3;0.016750;1149508
3;3;0.016750;1149508
3;3;0.016750;1149508
3;3;0.016750;1149508
3;3;0.016750;1149508
3;3;0.016750;1149508
3;3;0.016750;1149508
3;3;0.016750;1149508
3;3;0.016751;1149508
3;3;0.016750;1149508
3;3;0.016750;1149508
3;3;0.016750;1149508
3;3;0.016750;1149508
3;3;0.016751;1149508
3;3;0.016750;1149508
3;3;0.016750;1149508
3;3;0.016750;1149508
3;3;0.016750;1149508
3;3;0.016750;1149508
3;3;0.016750;1149508
3;9;0.016750;1149508
3;3;0.016751;1149508
3;3;0.016751;1149508
3;3;0.016750;1149508
3;3;0.016750;1149508
3;3;0.016751;1149508
3;3;0.016751;1149508
3;3;0.016751;1149508
3;3;0.016750;1149508
3;3;0.016750;1149508
3;3;0.016752;1149508
3;3;0.016750;1149508
3;3;0.016750;1149508
3;3;0.016750;1149508
3;3;0.016754;1149508
3;3;0.016750;1149508
3;3;0.016751;1149508
3;3;0.016751;1149508
3;3;0.016750;1149508
3;3;0.016750;1149508
3;3;0.016750;1149508
3;7;0.016750;1149508
3;3;0.016751;1149508
3;3;0.016751;1149508
3;3;0.016750;1149508
3;3;0.016750;1149508
3;3;0.016750;1149508
3;3;0.016752;1149508
3;3;0.016750;1149508
3;3;0.016750;1149508
3;3;0.016750;1149508
3;3;0.016750;1149508
3;3;0.016751;1149508
3;2;0.016750;1149508
3;2;0.016750;1149508
3;3;0.016750;1149508
3;2;0.016750;1149508
3;3;0.016750;1149508
3;3;0.016751;1149508
3;3;0.016750;1149508
3;8;0.016750;1149508
3;3;0.016750;1149508
3;3;0.016751;1149508
3;3;0.016750;1149508
3;3;0.016750;1149508
3;3;0.016750;1149508
3;8;0.016751;1149508
3;3;0.016750;1149508
3;3;0.016750;1149508
3;3;0.016750;1149508
3;3;0.016760;1149508
3;3;0.016750;1149508
3;2;0.016751;1149508
3;3;0.016750;1149508
3;3;0.016750;1149508
3;3;0.016750;1149508
3;3;0.016750;1149508
3;8;0.016750;1149508
3;3;0.016751;1149508
3;3;0.016753;1149508
3;3;0.016750;1149508
3;2;0.016750;1149508
3;3;0.016751;1149508
3;3;0.016750;1149508
3;3;0.016750;1149508
3;3;0.016751;1149508
3;3;0.016750;1149508
3;3;0.016750;1149508
3;3;0.016750;1149508
3;4;0.016750;1149508
3;3;0.016750;1149508
3;3;0.016750;1149508
3;2;0.016750;1149508
3;3;0.016753;1149508
3;8;0.016750;1149508
3;3;0.016750;1149508
3;3;0.016750;1149508
3;3;0.016751;1149508
3;3;0.016751;1149508
3;3;0.016751;1149508
3;3;0.016751;1149508
3;3;0.016751;1149508
3;3;0.016750;1149508
3;3;0.016751;1149508
3;3;0.016750;1149508
3;3;0.016750;1149508
3;3;0.016750;1149508
3;3;0.016750;1149508
3;2;0.016750;1149508
3;3;0.016760;1149508
3;3;0.016750;1149508
3;3;0.016752;1149508
3;3;0.016751;1149508
3;2;0.016750;1149508
3;3;0.016750;1149508
3;2;0.016751;1149508
3;3;0.016750;1149508
3;3;0.016751;1149508
3;2;0.016750;1149508
3;2;0.016751;1149508
3;2;0.016750;1149508
3;8;0.016750;1149508
3;2;0.016750;1149508
3;2;0.016750;1149508
3;2;0.016750;1149508
3;3;0.016754;1149508
3;2;0.016750;1149508
3;3;0.016751;1149508
3;3;0.016750;1149508
3;3;0.016750;1149508
3;3;0.016751;1149508
3;3;0.016750;1149508
3;3;0.016750;1149508
3;3;0.016750;1149508
3;3;0.016751;1149508
3;3;0.016750;1149508
3;3;0.016752;1149508
3;3;0.016750;1149508
3;3;0.016750;1149508
3;3;0.016751;1149508
3;3;0.016751;1149508
3;3;0.016750;1149508
3;3;0.016750;1149508
3;3;0.016750;1149508
3;3;0.016750;1149508
3;8;0.016750;1149508
3;3;0.016750;1149508
3;3;0.016751;1149508
3;3;0.016750;1149508
3;3;0.016750;1149508
3;3;0.016750;1149508
3;3;0.016750;1149508
3;3;0.016750;1149508
3;3;0.016750;1149508
3;3;0.016750;1149508
3;3;0.016751;1149508
3;3;0.016750;1149508
3;3;0.016750;1149508
3;3;0.016751;1149508
3;3;0.016751;1149508
3;3;0.016750;1149508
3;8;0.016751;1149508
3;3;0.016750;1149508
3;3;0.016750;1149508
3;3;0.016750;1149508
3;3;0.016750;1149508
3;3;0.016751;1149508
3;8;0.016750;1149508
3;8;0.016750;1149508
3;8;0.016750;1149508
3;3;0.016751;1149508
3;7;0.016750;1149508
3;3;0.016750;1149508
3;3;0.016750;1149508
3;3;0.016750;1149508
3;9;0.016750;1149508
3;3;0.016751;1149508
3;3;0.016751;1149508
3;8;0.016750;1149508
3;3;0.016750;1149508
3;8;0.016750;1149508
3;3;0.016751;1149508
3;3;0.016750;1149508
3;3;0.016750;1149508
3;3;0.016750;1149508
3;8;0.016750;1149508
3;3;0.016750;1149508
3;3;0.016751;1149508
3;9;0.016750;1149508
3;3;0.016750;1149508
3;3;0.016750;1149508
3;6;0.016750;1149508
3;3;0.016751;1149508
3;2;0.016750;1149508
3;3;0.016750;1149508
3;3;0.016750;1149508
3;3;0.016750;1149508
3;8;0.016750;1149508
3;8;0.016750;1149508
3;3;0.016750;1149508
3;3;0.016751;1149508
3;0;0.016751;1149508
3;3;0.016750;1149508
3;3;0.016750;1149508
3;3;0.016751;1149508
3;3;0.016755;1149508
3;3;0.016750;1149508
3;3;0.016750;1149508
3;9;0.016750;1149508
3;8;0.016753;1149508
3;3;0.016750;1149508
3;3;0.016751;1149508
3;8;0.016750;1149508
3;3;0.016750;1149508
3;3;0.016750;1149508
3;3;0.016750;1149508
3;3;0.016750;1149508
3;3;0.016751;1149508
3;8;0.016750;1149508
3;3;0.016750;1149508
3;3;0.016751;1149508
3;3;0.016750;1149508
3;3;0.016750;1149508
3;3;0.016751;1149508
3;3;0.016750;1149508
3;3;0.016750;1149508
3;2;0.016751;1149508
3;3;0.016750;1149508
3;3;0.016750;1149508
3;3;0.016750;1149508
3;2;0.016750;1149508
3;3;0.016750;1149508
3;3;0.016750;1149508
3;3;0.016750;1149508
3;4;0.016751;1149508
3;3;0.016751;1149508
3;3;0.016750;1149508
3;3;0.016750;1149508
3;3;0.016751;1149508
3;3;0.016750;1149508
3;3;0.016750;1149508
3;3;0.016750;1149508
3;3;0.016750;1149508
3;3;0.016754;1149508
3;3;0.016750;1149508
3;3;0.016750;1149508
3;3;0.016750;1149508
3;3;0.016764;1149508
3;3;0.016750;1149508
3;3;0.016751;1149508
3;3;0.016750;1149508
3;3;0.016751;1149508
3;3;0.016750;1149508
3;3;0.016751;1149508
3;3;0.016750;1149508
3;3;0.016750;1149508
3;3;0.016750;1149508
3;2;0.016750;1149508
3;3;0.016751;1149508
3;8;0.016750;1149508
3;3;0.016751;1149508
3;3;0.016750;1149508
3;3;0.016751;1149508
3;3;0.016750;1149508
3;8;0.016750;1149508
3;3;0.016750;1149508
3;3;0.016750;1149508
3;3;0.016750;1149508
3;3;0.016750;1149508
3;3;0.016750;1149508
3;3;0.016750;1149508
3;3;0.016750;1149508
3;3;0.016751;1149508
3;3;0.016750;1149508
3;3;0.016750;1149508
3;3;0.016751;1149508
3;3;0.016751;1149508
3;3;0.016751;1149508
3;3;0.016750;1149508
3;3;0.016750;1149508
3;8;0.016750;1149508
3;2;0.016750;1149508
3;3;0.016750;1149508
3;2;0.016750;1149508
3;9;0.016750;1149508
3;3;0.016750;1149508
3;3;0.016750;1149508
3;3;0.016750;1149508
3;2;0.016750;1149508
3;3;0.016750;1149508
3;3;0.016751;1149508
3;3;0.016750;1149508
3;3;0.016750;1149508
3;3;0.016750;1149508
3;3;0.016750;1149508
3;3;0.016750;1149508
3;3;0.016750;1149508
3;3;0.016750;1149508
3;3;0.016750;1149508
3;2;0.016752;1149508
3;3;0.016750;1149508
3;3;0.016750;1149508
3;3;0.016750;1149508
3;7;0.016750;1149508
3;3;0.016750;1149508
3;3;0.016751;1149508
3;3;0.016750;1149508
3;3;0.016750;1149508
3;3;0.016750;1149508
3;3;0.016750;1149508
3;1;0.016751;1149508
3;3;0.016750;1149508
3;3;0.016750;1149508
3;3;0.016750;1149508
3;7;0.016750;1149508
3;3;0.016750;1149508
3;9;0.016750;1149508
3;3;0.016750;1149508
3;3;0.016750;1149508
3;3;0.016754;1149508
3;3;0.016752;1149508
3;3;0.016750;1149508
3;3;0.016750;1149508
3;3;0.016750;1149508
3;3;0.016751;1149508
3;3;0.016750;1149508
3;3;0.016750;1149508
3;3;0.016751;1149508
3;3;0.016750;1149508
3;3;0.016754;1149508
3;3;0.016750;1149508
3;3;0.016750;1149508
3;8;0.016750;1149508
3;3;0.016750;1149508
3;3;0.016750;1149508
3;2;0.016750;1149508
3;2;0.016750;1149508
3;3;0.016760;1149508
3;3;0.016750;1149508
3;3;0.016750;1149508
3;3;0.016750;1149508
3;3;0.016750;1149508
3;3;0.016750;1149508
3;3;0.016751;1149508
3;8;0.016750;1149508
3;3;0.016750;1149508
3;3;0.016750;1149508
3;3;0.016750;1149508
3;3;0.016751;1149508
3;3;0.016750;1149508
3;3;0.016750;1149508
3;3;0.016750;1149508
3;3;0.016760;1149508
3;2;0.016750;1149508
3;3;0.016751;1149508
3;3;0.016750;1149508
3;7;0.016750;1149508
3;3;0.016751;1149508
3;3;0.016753;1149508
3;3;0.016750;1149508
3;8;0.016751;1149508
3;3;0.016750;1149508
3;2;0.016759;1149508
3;7;0.016750;1149508
3;7;0.016750;1149508
3;3;0.016750;1149508
3;2;0.016750;1149508
3;3;0.016750;1149508
3;4;0.016750;1149508
3;8;0.016750;1149508
3;3;0.016752;1149508
3;9;0.016751;1149508
3;8;0.016750;1149508
3;3;0.016751;1149508
4;7;0.016750;1149508
4;9;0.016751;1149508
4;4;0.016750;1149508
4;9;0.016750;1149508
4;4;0.016750;1149508
4;4;0.016751;1149508
4;4;0.016750;1149508
4;9;0.016750;1149508
4;4;0.016750;1149508
4;4;0.016750;1149508
4;9;0.016750;1149508
4;9;0.016750;1149508
4;4;0.016750;1149508
4;9;0.016750;1149508
4;9;0.016750;1149508
4;4;0.016751;1149508
4;4;0.016750;1149508
4;4;0.016750;1149508
4;9;0.016750;1149508
4;4;0.016750;1149508
4;9;0.016750;1149508
4;4;0.016750;1149508
4;4;0.016750;1149508
4;4;0.016750;1149508
4;4;0.016750;1149508
4;9;0.016750;1149508
4;4;0.016750;1149508
4;9;0.016750;1149508
4;4;0.016750;1149508
4;4;0.016750;1149508
4;6;0.016751;1149508
4;8;0.016750;1149508
4;4;0.016750;1149508
4;4;0.016751;1149508
4;9;0.016751;1149508
4;4;0.016750;1149508
4;4;0.016750;1149508
4;9;0.016751;1149508
4;9;0.016750;1149508
4;9;0.016750;1149508
4;4;0.016750;1149508
4;4;0.016750;1149508
4;4;0.016751;1149508
4;4;0.016750;1149508
4;4;0.016750;1149508
4;4;0.016750;1149508
4;4;0.016750;1149508
4;4;0.016750;1149508
4;3;0.016750;1149508
4;4;0.016750;1149508
4;9;0.016750;1149508
4;4;0.016750;1149508
4;7;0.016750;1149508
4;3;0.016751;1149508
4;9;0.016750;1149508
4;4;0.016751;1149508
4;9;0.016751;1149508
4;7;0.016750;1149508
4;9;0.016750;1149508
4;7;0.016751;1149508
4;9;0.016750;1149508
4;4;0.016750;1149508
4;7;0.016751;1149508
4;4;0.016750;1149508
4;4;0.016750;1149508
4;4;0.016750;1149508
4;4;0.016750;1149508
4;4;0.016750;1149508
4;4;0.016750;1149508
4;9;0.016751;1149508
4;6;0.016750;1149508
4;4;0.016751;1149508
4;7;0.016750;1149508
4;4;0.016750;1149508
4;9;0.016750;1149508
4;4;0.016750;1149508
4;9;0.016754;1149508
4;9;0.016750;1149508
4;9;0.016751;1149508
4;9;0.016750;1149508
4;4;0.016750;1149508
4;4;0.016750;1149508
4;4;0.016750;1149508
4;7;0.016751;1149508
4;4;0.016750;1149508
4;4;0.016750;1149508
4;4;0.016750;1149508
4;9;0.016750;1149508
4;4;0.016750;1149508
4;4;0.016750;1149508
4;9;0.016751;1149508
4;4;0.016750;1149508
4;9;0.016750;1149508
4;9;0.016752;1149508
4;4;0.016750;1149508
4;4;0.016750;1149508
4;4;0.016750;1149508
4;4;0.016750;1149508
4;4;0.016750;1149508
4;9;0.016750;1149508
4;4;0.016750;1149508
4;4;0.016750;1149508
4;4;0.016750;1149508
4;9;0.016750;1149508
4;4;0.016751;1149508
4;4;0.016760;1149508
4;4;0.016750;1149508
4;8;0.016750;1149508
4;4;0.016750;1149508
4;4;0.016750;1149508
4;9;0.016751;1149508
4;4;0.016750;1149508
4;9;0.016750;1149508
4;2;0.016750;1149508
4;4;0.016750;1149508
4;4;0.016750;1149508
4;9;0.016750;1149508
4;4;0.016750;1149508
4;8;0.016750;1149508
4;4;0.016750;1149508
4;4;0.016750;1149508
4;4;0.016750;1149508
4;2;0.016750;1149508
4;4;0.016750;1149508
4;4;0.016750;1149508
4;4;0.016750;1149508
4;8;0.016750;1149508
4;9;0.016750;1149508
4;9;0.016750;1149508
4;7;0.016751;1149508
4;4;0.016750;1149508
4;4;0.016751;1149508
4;4;0.016751;1149508
4;4;0.016751;1149508
4;4;0.016750;1149508
4;4;0.016751;1149508
4;4;0.016750;1149508
4;9;0.016750;1149508
4;4;0.016750;1149508
4;9;0.016750;1149508
4;4;0.016751;1149508
4;4;0.016751;1149508
4;4;0.016753;1149508
4;4;0.016750;1149508
4;4;0.016755;1149508
4;4;0.016750;1149508
4;9;0.016750;1149508
4;4;0.016750;1149508
4;4;0.016750;1149508
4;9;0.016750;1149508
4;4;0.016750;1149508
4;4;0.016750;1149508
4;4;0.016750;1149508
4;4;0.016750;1149508
4;4;0.016750;1149508
4;4;0.016750;1149508
4;4;0.016750;1149508
4;4;0.016750;1149508
4;9;0.016750;1149508
4;4;0.016750;1149508
4;4;0.016750;1149508
4;4;0.016750;1149508
4;4;0.016750;1149508
4;4;0.016751;1149508
4;4;0.016750;1149508
4;4;0.016750;1149508
4;9;0.016750;1149508
4;4;0.016750;1149508
4;4;0.016750;1149508
4;4;0.016750;1149508
4;4;0.016750;1149508
4;3;0.016750;1149508
4;4;0.016750;1149508
4;4;0.016751;1149508
4;4;0.016750;1149508
4;4;0.016750;1149508
4;2;0.016750;1149508
4;4;0.016750;1149508
4;7;0.016750;1149508
4;9;0.016750;1149508
4;4;0.016750;1149508
4;9;0.016750;1149508
4;4;0.016750;1149508
4;4;0.016750;1149508
4;4;0.016753;1149508
4;4;0.016750;1149508
4;9;0.016752;1149508
4;9;0.016750;1149508
4;9;0.016750;1149508
4;4;0.016750;1149508
4;8;0.016750;1149508
4;4;0.016750;1149508
4;4;0.016753;1149508
4;4;0.016750;1149508
4;9;0.016750;1149508
4;4;0.016751;1149508
4;9;0.016750;1149508
4;4;0.016750;1149508
4;9;0.016750;1149508
4;4;0.016751;1149508
4;9;0.016751;1149508
4;4;0.016750;1149508
4;4;0.016750;1149508
4;3;0.016750;1149508
4;9;0.016750;1149508
4;9;0.016751;1149508
4;9;0.016751;1149508
4;4;0.016750;1149508
4;9;0.016750;1149508
4;4;0.016750;1149508
4;4;0.016750;1149508
4;7;0.016750;1149508
4;4;0.016750;1149508
4;4;0.016750;1149508
4;4;0.016750;1149508
4;4;0.016750;1149508
4;4;0.016750;1149508
4;4;0.016751;1149508
4;4;0.016752;1149508
4;4;0.016750;1149508
4;7;0.016750;1149508
4;4;0.016751;1149508
4;4;0.016751;1149508
4;4;0.016750;1149508
4;4;0.016750;1149508
4;4;0.016750;1149508
4;4;0.016750;1149508
4;4;0.016750;1149508
4;4;0.016750;1149508
4;4;0.016750;1149508
4;4;0.016750;1149508
4;9;0.016750;1149508
4;4;0.016750;1149508
4;9;0.016750;1149508
4;7;0.016750;1149508
4;4;0.016750;1149508
4;4;0.016752;1149508
4;4;0.016750;1149508
4;9;0.016752;1149508
4;9;0.016750;1149508
4;9;0.016750;1149508
4;9;0.016751;1149508
4;7;0.016750;1149508
4;4;0.016750;1149508
4;8;0.016753;1149508
4;9;0.016750;1149508
4;4;0.016760;1149508
4;8;0.016750;1149508
4;4;0.016751;1149508
4;4;0.016750;1149508
4;4;0.016750;1149508
4;4;0.016750;1149508
4;9;0.016750;1149508
4;4;0.016750;1149508
4;4;0.016751;1149508
4;4;0.016750;1149508
4;4;0.016750;1149508
4;9;0.016751;1149508
4;4;0.016750;1149508
4;4;0.016750;1149508
4;9;0.016750;1149508
4;4;0.016750;1149508
4;9;0.016751;1149508
4;4;0.016750;1149508
4;4;0.016750;1149508
4;7;0.016751;1149508
4;4;0.016750;1149508
4;4;0.016752;1149508
4;9;0.016751;1149508
4;8;0.016750;1149508
4;4;0.016750;1149508
4;9;0.016751;1149508
4;4;0.016750;1149508
4;9;0.016753;1149508
4;4;0.016750;1149508
4;4;0.016750;1149508
4;4;0.016751;1149508
4;4;0.016750;1149508
4;4;0.016750;1149508
4;4;0.016750;1149508
4;4;0.016750;1149508
4;4;0.016750;1149508
4;9;0.016750;1149508
4;3;0.016750;1149508
4;9;0.016750;1149508
4;4;0.016750;1149508
4;9;0.016750;1149508
4;9;0.016750;1149508
4;8;0.016751;1149508
4;4;0.016750;1149508
4;4;0.016750;1149508
4;4;0.016750;1149508
4;4;0.016750;1149508
4;4;0.016751;1149508
4;4;0.016750;1149508
4;7;0.016750;1149508
4;4;0.016750;1149508
4;4;0.016750;1149508
4;4;0.016750;1149508
4;4;0.016750;1149508
4;4;0.016751;1149508
4;9;0.016750;1149508
4;4;0.016750;1149508
4;4;0.016750;1149508
4;4;0.016750;1149508
4;4;0.016751;1149508
4;4;0.016751;1149508
4;4;0.016751;1149508
4;4;0.016750;1149508
4;9;0.016750;1149508
4;4;0.016750;1149508
4;4;0.016750;1149508
4;4;0.016750;1149508
4;9;0.016750;1149508
4;4;0.016750;1149508
4;9;0.016750;1149508
4;9;0.016750;1149508
4;9;0.016750;1149508
4;9;0.016750;1149508
4;4;0.016751;1149508
4;3;0.016750;1149508
4;8;0.016751;1149508
4;4;0.016750;1149508
4;8;0.016750;1149508
4;9;0.016765;1149508
4;4;0.016751;1149508
4;2;0.016750;1149508
4;9;0.016751;1149508
4;4;0.016751;1149508
4;9;0.016751;1149508
4;4;0.016750;1149508
4;4;0.016752;1149508
4;4;0.016750;1149508
4;4;0.016750;1149508
4;2;0.016750;1149508
4;9;0.016750;1149508
4;9;0.016751;1149508
4;2;0.016750;1149508
4;4;0.016750;1149508
4;4;0.016750;1149508
4;4;0.016750;1149508
4;4;0.016750;1149508
4;4;0.016750;1149508
4;4;0.016750;1149508
4;4;0.016750;1149508
4;4;0.016750;1149508
4;4;0.016750;1149508
4;9;0.016750;1149508
4;4;0.016750;1149508
4;9;0.016750;1149508
4;4;0.016750;1149508
4;4;0.016750;1149508
4;2;0.016750;1149508
4;4;0.016750;1149508
4;9;0.016750;1149508
4;4;0.016750;1149508
4;4;0.016751;1149508
4;9;0.016750;1149508
4;4;0.016751;1149508
4;4;0.016750;1149508
4;7;0.016750;1149508
4;4;0.016750;1149508
4;9;0.016818;1149508
4;4;0.016750;1149508
4;4;0.016750;1149508
4;4;0.016751;1149508
4;4;0.016750;1149508
4;6;0.016750;1149508
4;8;0.016750;1149508
4;4;0.016750;1149508
4;2;0.016750;1149508
4;4;0.016750;1149508
4;4;0.016750;1149508
4;4;0.016760;1149508
4;3;0.016750;1149508
4;9;0.016752;1149508
4;9;0.016750;1149508
4;9;0.016750;1149508
4;4;0.016750;1149508
4;9;0.016751;1149508
4;9;0.016750;1149508
4;9;0.016750;1149508
4;4;0.016750;1149508
4;4;0.016750;1149508
4;9;0.016750;1149508
4;8;0.016751;1149508
4;4;0.016750;1149508
4;4;0.016750;1149508
4;4;0.016750;1149508
4;9;0.016750;1149508
4;4;0.016750;1149508
4;3;0.016750;1149508
4;1;0.016750;1149508
4;4;0.016750;1149508
4;9;0.016750;1149508
4;9;0.016750;1149508
4;4;0.016754;1149508
4;8;0.016750;1149508
4;9;0.016752;1149508
4;2;0.016750;1149508
4;9;0.016760;1149508
4;9;0.016750;1149508
4;9;0.016754;1149508
4;4;0.016751;1149508
4;4;0.016751;1149508
4;4;0.016751;1149508
4;9;0.016750;1149508
4;9;0.016750;1149508
4;4;0.016750;1149508
4;4;0.016750;1149508
4;4;0.016753;1149508
4;9;0.016751;1149508
4;4;0.016750;1149508
4;4;0.016750;1149508
4;4;0.016750;1149508
4;4;0.016750;1149508
4;9;0.016755;1149508
4;4;0.016750;1149508
4;4;0.016750;1149508
4;3;0.016750;1149508
4;3;0.016752;1149508
4;4;0.016750;1149508
4;3;0.016750;1149508
4;4;0.016750;1149508
4;9;0.016750;1149508
4;9;0.016750;1149508
4;4;0.016750;1149508
4;4;0.016750;1149508
4;4;0.016750;1149508
4;9;0.016750;1149508
4;4;0.016750;1149508
4;4;0.016750;1149508
4;4;0.016751;1149508
4;4;0.016754;1149508
4;4;0.016750;1149508
4;4;0.016750;1149508
4;4;0.016751;1149508
4;4;0.016750;1149508
4;4;0.016751;1149508
4;4;0.016750;1149508
4;4;0.016751;1149508
4;9;0.016750;1149508
4;9;0.016750;1149508
4;4;0.016750;1149508
4;9;0.016750;1149508
4;4;0.016750;1149508
4;4;0.016751;1149508
4;4;0.016750;1149508
4;4;0.016750;1149508
4;4;0.016750;1149508
4;4;0.016750;1149508
4;4;0.016751;1149508
4;9;0.016751;1149508
4;4;0.016751;1149508
4;4;0.016751;1149508
4;4;0.016750;1149508
4;4;0.016750;1149508
4;4;0.016751;1149508
4;4;0.016750;1149508
4;4;0.016750;1149508
4;4;0.016750;1149508
4;4;0.016750;1149508
4;9;0.016750;1149508
4;7;0.016750;1149508
4;4;0.016750;1149508
4;4;0.016750;1149508
4;4;0.016751;1149508
4;4;0.016750;1149508
4;4;0.016751;1149508
4;4;0.016750;1149508
4;9;0.016750;1149508
4;4;0.016750;1149508
4;4;0.016750;1149508
4;4;0.016750;1149508
4;4;0.016750;1149508
4;4;0.016750;1149508
4;9;0.016751;1149508
4;4;0.016750;1149508
4;4;0.016751;1149508
4;4;0.016750;1149508
4;4;0.016750;1149508
4;4;0.016750;1149508
4;4;0.016751;1149508
4;4;0.016750;1149508
4;4;0.016750;1149508
4;4;0.016750;1149508
4;9;0.016750;1149508
4;9;0.016750;1149508
4;4;0.016751;1149508
4;4;0.016750;1149508
4;4;0.016751;1149508
4;7;0.016750;1149508
4;4;0.016750;1149508
4;9;0.016750;1149508
4;4;0.016750;1149508
4;9;0.016750;1149508
4;4;0.016750;1149508
4;4;0.016750;1149508
4;4;0.016750;1149508
4;4;0.016750;1149508
4;4;0.016750;1149508
4;4;0.016750;1149508
4;8;0.016750;1149508
4;9;0.016750;1149508
4;4;0.016750;1149508
4;9;0.016750;1149508
4;4;0.016750;1149508
4;4;0.016750;1149508
4;9;0.016750;1149508
4;4;0.016750;1149508
4;3;0.016750;1149508
4;4;0.016750;1149508
4;3;0.016750;1149508
4;9;0.016750;1149508
4;9;0.016751;1149508
4;8;0.016750;1149508
4;9;0.016750;1149508
4;3;0.016751;1149508
4;4;0.016750;1149508
4;3;0.016750;1149508
4;4;0.016751;1149508
4;3;0.016751;1149508
4;4;0.016750;1149508
4;9;0.016750;1149508
4;9;0.016754;1149508
4;4;0.016750;1149508
4;4;0.016750;1149508
4;4;0.016751;1149508
4;4;0.016750;1149508
4;4;0.016750;1149508
4;4;0.016750;1149508
4;4;0.016751;1149508
4;4;0.016750;1149508
4;4;0.016750;1149508
4;4;0.016750;1149508
4;4;0.016751;1149508
4;3;0.016750;1149508
4;9;0.016750;1149508
4;7;0.016751;1149508
4;9;0.016752;1149508
4;4;0.016751;1149508
4;9;0.016750;1149508
4;4;0.016751;1149508
4;4;0.016750;1149508
4;9;0.016750;1149508
4;9;0.016751;1149508
4;9;0.016750;1149508
4;4;0.016750;1149508
4;9;0.016751;1149508
4;9;0.016750;1149508
4;4;0.016750;1149508
4;8;0.016750;1149508
4;9;0.016750;1149508
4;9;0.016750;1149508
4;9;0.016750;1149508
4;4;0.016750;1149508
4;9;0.016750;1149508
4;4;0.016751;1149508
4;4;0.016750;1149508
4;4;0.016751;1149508
4;4;0.016750;1149508
4;4;0.016751;1149508
4;4;0.016759;1149508
4;4;0.016750;1149508
4;4;0.016750;1149508
4;4;0.016751;1149508
4;4;0.016752;1149508
4;4;0.016750;1149508
4;4;0.016760;1149508
4;4;0.016750;1149508
4;4;0.016750;1149508
4;4;0.016750;1149508
4;4;0.016750;1149508
4;9;0.016751;1149508
4;4;0.016750;1149508
4;4;0.016750;1149508
4;4;0.016751;1149508
4;4;0.016751;1149508
4;4;0.016750;1149508
4;4;0.016751;1149508
4;9;0.016751;1149508
4;4;0.016750;1149508
4;4;0.016750;1149508
4;4;0.016750;1149508
4;4;0.016751;1149508
4;4;0.016750;1149508
4;4;0.016750;1149508
4;4;0.016750;1149508
4;4;0.016750;1149508
4;4;0.016750;1149508
4;4;0.016750;1149508
4;4;0.016750;1149508
4;4;0.016751;1149508
4;9;0.016753;1149508
4;9;0.016750;1149508
4;4;0.016754;1149508
4;4;0.016751;1149508
4;4;0.016750;1149508
4;4;0.016751;1149508
4;4;0.016776;1149508
4;4;0.016750;1149508
4;4;0.016751;1149508
4;4;0.016750;1149508
4;4;0.016751;1149508
4;4;0.016750;1149508
4;4;0.016751;1149508
4;4;0.016750;1149508
4;8;0.016750;1149508
4;4;0.016750;1149508
4;4;0.016751;1149508
4;4;0.016750;1149508
4;4;0.016750;1149508
4;4;0.016751;1149508
4;4;0.016751;1149508
4;9;0.016750;1149508
4;9;0.016751;1149508
4;9;0.016750;1149508
4;4;0.016750;1149508
4;9;0.016750;1149508
4;4;0.016750;1149508
4;4;0.016751;1149508
4;4;0.016750;1149508
4;9;0.016750;1149508
4;4;0.016751;1149508
4;4;0.016750;1149508
4;4;0.016750;1149508
4;7;0.016750;1149508
4;4;0.016750;1149508
4;4;0.016751;1149508
4;4;0.016750;1149508
4;4;0.016750;1149508
4;4;0.016750;1149508
4;4;0.016750;1149508
4;4;0.016751;1149508
4;4;0.016750;1149508
4;4;0.016750;1149508
4;9;0.016750;1149508
4;9;0.016750;1149508
4;4;0.016750;1149508
4;4;0.016750;1149508
4;4;0.016750;1149508
4;9;0.016750;1149508
4;9;0.016750;1149508
4;4;0.016750;1149508
4;4;0.016750;1149508
4;9;0.016751;1149508
4;4;0.016750;1149508
4;4;0.016750;1149508
4;4;0.016750;1149508
4;4;0.016760;1149508
4;4;0.016750;1149508
4;9;0.016755;1149508
4;9;0.016751;1149508
4;9;0.016750;1149508
4;4;0.016750;1149508
4;4;0.016750;1149508
4;4;0.016750;1149508
4;4;0.016750;1149508
4;7;0.016750;1149508
4;4;0.016750;1149508
4;9;0.016750;1149508
4;4;0.016750;1149508
4;9;0.016750;1149508
4;4;0.016751;1149508
4;4;0.016750;1149508
4;9;0.016750;1149508
4;4;0.016750;1149508
4;4;0.016750;1149508
4;9;0.016750;1149508
4;4;0.016750;1149508
4;4;0.016750;1149508
4;9;0.016750;1149508
4;9;0.016751;1149508
4;9;0.016750;1149508
4;9;0.016752;1149508
4;9;0.016751;1149508
4;9;0.016751;1149508
4;4;0.016750;1149508
4;9;0.016751;1149508
4;9;0.016750;1149508
4;4;0.016750;1149508
4;4;0.016751;1149508
4;9;0.016750;1149508
4;4;0.016750;1149508
4;4;0.016750;1149508
4;4;0.016750;1149508
4;9;0.016750;1149508
4;4;0.016750;1149508
4;9;0.016750;1149508
4;4;0.016750;1149508
4;4;0.016750;1149508
4;4;0.016750;1149508
4;4;0.016750;1149508
4;4;0.016760;1149508
4;9;0.016750;1149508
4;4;0.016750;1149508
4;4;0.016750;1149508
4;9;0.016750;1149508
4;4;0.016750;1149508
4;4;0.016751;1149508
4;8;0.016750;1149508
4;9;0.016751;1149508
4;4;0.016750;1149508
4;3;0.016751;1149508
4;4;0.016751;1149508
4;9;0.016751;1149508
4;4;0.016751;1149508
4;8;0.016750;1149508
4;8;0.016750;1149508
4;4;0.016750;1149508
4;4;0.016750;1149508
4;9;0.016751;1149508
4;4;0.016750;1149508
4;8;0.016751;1149508
4;4;0.016750;1149508
4;4;0.016754;1149508
4;4;0.016750;1149508
4;4;0.016750;1149508
4;9;0.016751;1149508
4;4;0.016750;1149508
4;9;0.016750;1149508
4;4;0.016751;1149508
4;4;0.016750;1149508
4;4;0.016751;1149508
4;4;0.016750;1149508
4;8;0.016750;1149508
4;8;0.016750;1149508
4;4;0.016750;1149508
4;6;0.016750;1149508
4;4;0.016750;1149508
4;4;0.016751;1149508
4;4;0.016750;1149508
4;4;0.016750;1149508
4;4;0.016750;1149508
4;4;0.016750;1149508
4;4;0.016751;1149508
4;4;0.016750;1149508
4;4;0.016750;1149508
4;4;0.016751;1149508
4;4;0.016751;1149508
4;4;0.016750;1149508
4;4;0.016751;1149508
4;4;0.016751;1149508
4;8;0.016750;1149508
4;9;0.016751;1149508
4;9;0.016750;1149508
4;4;0.016751;1149508
4;4;0.016750;1149508
4;4;0.016750;1149508
4;4;0.016750;1149508
4;4;0.016750;1149508
4;4;0.016753;1149508
4;4;0.016750;1149508
4;9;0.016752;1149508
4;4;0.016750;1149508
4;9;0.016751;1149508
4;4;0.016750;1149508
4;4;0.016750;1149508
4;4;0.016750;1149508
4;9;0.016750;1149508
4;4;0.016750;1149508
4;4;0.016750;1149508
4;4;0.016752;1149508
4;4;0.016750;1149508
4;4;0.016751;1149508
4;4;0.016750;1149508
4;4;0.016750;1149508
4;4;0.016751;1149508
4;4;0.016750;1149508
4;3;0.016750;1149508
4;4;0.016750;1149508
4;4;0.016755;1149508
4;4;0.016750;1149508
4;4;0.016760;1149508
4;4;0.016750;1149508
4;4;0.016751;1149508
4;9;0.016750;1149508
4;4;0.016750;1149508
4;9;0.016750;1149508
4;4;0.016751;1149508
4;4;0.016751;1149508
4;4;0.016750;1149508
4;4;0.016751;1149508
4;4;0.016750;1149508
4;4;0.016750;1149508
4;9;0.016750;1149508
4;4;0.016750;1149508
4;9;0.016750;1149508
4;4;0.016750;1149508
4;4;0.016750;1149508
4;4;0.016751;1149508
4;4;0.016750;1149508
4;4;0.016750;1149508
4;4;0.016751;1149508
4;4;0.016750;1149508
4;4;0.016750;1149508
4;4;0.016751;1149508
4;4;0.016750;1149508
4;4;0.016750;1149508
4;4;0.016750;1149508
4;4;0.016750;1149508
4;4;0.016750;1149508
4;9;0.016750;1149508
4;4;0.016750;1149508
4;4;0.016750;1149508
4;7;0.016750;1149508
4;9;0.016750;1149508
4;4;0.016750;1149508
4;4;0.016750;1149508
4;4;0.016750;1149508
4;4;0.016752;1149508
4;4;0.016751;1149508
4;4;0.016750;1149508
4;4;0.016751;1149508
4;4;0.016750;1149508
4;4;0.016750;1149508
4;4;0.016750;1149508
4;4;0.016750;1149508
4;9;0.016750;1149508
4;4;0.016750;1149508
4;4;0.016750;1149508
4;4;0.016750;1149508
4;4;0.016751;1149508
4;4;0.016751;1149508
4;4;0.016750;1149508
4;4;0.016750;1149508
4;4;0.016751;1149508
4;4;0.016750;1149508
4;4;0.016750;1149508
4;9;0.016750;1149508
4;4;0.016750;1149508
4;4;0.016750;1149508
4;4;0.016750;1149508
4;4;0.016750;1149508
4;4;0.016750;1149508
4;4;0.016751;1149508
4;4;0.016750;1149508
4;4;0.016751;1149508
4;8;0.016750;1149508
4;9;0.016750;1149508
4;4;0.016750;1149508
4;4;0.016750;1149508
4;4;0.016750;1149508
4;4;0.016750;1149508
4;4;0.016750;1149508
4;4;0.016750;1149508
4;4;0.016750;1149508
4;4;0.016750;1149508
4;3;0.016949;1149508
4;4;0.016751;1149508
4;8;0.016751;1149508
4;4;0.016750;1149508
4;4;0.016750;1149508
4;4;0.016750;1149508
4;4;0.016750;1149508
4;4;0.016750;1149508
4;4;0.016750;1149508
4;4;0.016750;1149508
4;9;0.016750;1149508
4;4;0.016750;1149508
4;4;0.016750;1149508
4;4;0.016750;1149508
4;4;0.016750;1149508
4;4;0.016754;1149508
4;4;0.016750;1149508
4;4;0.016750;1149508
4;4;0.016750;1149508
4;4;0.016750;1149508
4;4;0.016750;1149508
4;4;0.016750;1149508
4;4;0.016751;1149508
4;4;0.016751;1149508
4;9;0.016750;1149508
4;9;0.016751;1149508
4;4;0.016754;1149508
4;4;0.016750;1149508
4;4;0.016750;1149508
4;4;0.016750;1149508
4;9;0.016752;1149508
4;9;0.016750;1149508
4;4;0.016750;1149508
4;4;0.016750;1149508
4;4;0.016750;1149508
4;4;0.016750;1149508
4;4;0.016751;1149508
4;4;0.016750;1149508
4;4;0.016750;1149508
4;4;0.016750;1149508
4;9;0.016750;1149508
4;4;0.016750;1149508
4;4;0.016750;1149508
4;4;0.016750;1149508
4;4;0.016750;1149508
4;7;0.016751;1149508
4;4;0.016750;1149508
4;9;0.016750;1149508
4;4;0.016750;1149508
4;4;0.016750;1149508
4;4;0.016750;1149508
4;4;0.016750;1149508
4;9;0.016750;1149508
4;8;0.016750;1149508
4;4;0.016751;1149508
4;4;0.016750;1149508
4;4;0.017686;1149508
4;4;0.016750;1149508
4;4;0.016750;1149508
4;4;0.016750;1149508
4;4;0.016750;1149508
4;4;0.016750;1149508
4;9;0.016750;1149508
4;4;0.016750;1149508
4;4;0.016750;1149508
4;4;0.016750;1149508
4;4;0.016750;1149508
4;4;0.016751;1149508
4;4;0.016750;1149508
4;4;0.016750;1149508
4;4;0.016750;1149508
4;4;0.016750;1149508
4;4;0.016750;1149508
4;4;0.016750;1149508
4;4;0.016750;1149508
4;9;0.016750;1149508
4;4;0.016750;1149508
4;4;0.016751;1149508
4;4;0.016750;1149508
4;4;0.016750;1149508
4;4;0.016750;1149508
4;4;0.016750;1149508
4;4;0.016750;1149508
4;4;0.016750;1149508
4;9;0.016750;1149508
4;7;0.016750;1149508
4;9;0.016750;1149508
4;4;0.016750;1149508
4;4;0.016750;1149508
4;4;0.016750;1149508
4;7;0.016754;1149508
4;4;0.016750;1149508
4;9;0.016751;1149508
4;4;0.016750;1149508
4;4;0.016750;1149508
4;4;0.016750;1149508
4;4;0.016750;1149508
4;4;0.016750;1149508
4;8;0.016751;1149508
4;4;0.016751;1149508
4;4;0.016750;1149508
4;4;0.016751;1149508
4;4;0.016750;1149508
4;4;0.016750;1149508
4;4;0.016760;1149508
4;4;0.016750;1149508
4;4;0.016750;1149508
4;2;0.016750;1149508
4;3;0.016759;1149508
4;9;0.016750;1149508
4;4;0.016750;1149508
4;4;0.016750;1149508
4;4;0.016750;1149508
4;7;0.016750;1149508
4;4;0.016751;1149508
4;4;0.016750;1149508
4;4;0.016750;1149508
4;9;0.016750;1149508
4;4;0.016751;1149508
4;4;0.016750;1149508
4;4;0.016750;1149508
4;4;0.016750;1149508
4;4;0.016750;1149508
4;4;0.016750;1149508
4;7;0.016750;1149508
4;4;0.016750;1149508
4;4;0.016751;1149508
4;4;0.016750;1149508
4;4;0.016750;1149508
4;4;0.016750;1149508
4;4;0.016751;1149508
4;4;0.016751;1149508
4;9;0.016750;1149508
4;9;0.016750;1149508
5;8;0.016751;1149508
5;7;0.016750;1149508
5;9;0.016750;1149508
5;8;0.016751;1149508
5;3;0.016751;1149508
5;5;0.016750;1149508
5;9;0.016750;1149508
5;9;0.016750;1149508
5;3;0.016750;1149508
5;7;0.016751;1149508
5;3;0.016751;1149508
5;9;0.016750;1149508
5;3;0.016750;1149508
5;9;0.016750;1149508
5;5;0.016751;1149508
5;7;0.016750;1149508
5;8;0.016750;1149508
5;8;0.016750;1149508
5;7;0.016750;1149508
5;9;0.016750;1149508
5;8;0.016750;1149508
5;3;0.016750;1149508
5;9;0.016750;1149508
5;3;0.016750;1149508
5;3;0.016750;1149508
5;8;0.016750;1149508
5;3;0.016750;1149508
5;3;0.016750;1149508
5;0;0.016750;1149508
5;7;0.016751;1149508
5;3;0.016750;1149508
5;3;0.016750;1149508
5;7;0.016750;1149508
5;3;0.016750;1149508
5;7;0.016750;1149508
5;3;0.016750;1149508
5;3;0.016750;1149508
5;5;0.016750;1149508
5;3;0.016750;1149508
5;8;0.016750;1149508
5;8;0.016750;1149508
5;8;0.016750;1149508
5;8;0.016750;1149508
5;3;0.016750;1149508
5;3;0.016750;1149508
5;8;0.016750;1149508
5;4;0.016750;1149508
5;4;0.016750;1149508
5;4;0.016751;1149508
5;8;0.016751;1149508
5;6;0.016750;1149508
5;8;0.016750;1149508
5;7;0.016751;1149508
5;3;0.016750;1149508
5;8;0.016750;1149508
5;3;0.016750;1149508
5;5;0.016750;1149508
5;4;0.016750;1149508
5;3;0.016750;1149508
5;7;0.016750;1149508
5;5;0.016750;1149508
5;4;0.016750;1149508
5;9;0.016751;1149508
5;5;0.016750;1149508
5;7;0.016750;1149508
5;8;0.016750;1149508
5;5;0.016750;1149508
5;7;0.016750;1149508
5;8;0.016750;1149508
5;9;0.016751;1149508
5;7;0.016750;1149508
5;3;0.016750;1149508
5;5;0.016751;1149508
5;3;0.016750;1149508
5;5;0.016750;1149508
5;5;0.016750;1149508
5;7;0.016751;1149508
5;3;0.016750;1149508
5;8;0.016750;1149508
5;2;0.016750;1149508
5;7;0.016750;1149508
5;8;0.016751;1149508
5;3;0.016750;1149508
5;9;0.016750;1149508
5;3;0.016750;1149508
5;7;0.016750;1149508
5;7;0.016750;1149508
5;7;0.016751;1149508
5;9;0.016750;1149508
5;3;0.016750;1149508
5;3;0.016750;1149508
5;3;0.016750;1149508
5;8;0.016750;1149508
5;8;0.016750;1149508
5;9;0.016750;1149508
5;8;0.016750;1149508
5;3;0.016750;1149508
5;9;0.016750;1149508
5;8;0.016750;1149508
5;3;0.016751;1149508
5;9;0.016751;1149508
5;7;0.016750;1149508
5;3;0.016751;1149508
5;5;0.016750;1149508
5;3;0.016750;1149508
5;5;0.016750;1149508
5;9;0.016750;1149508
5;8;0.016750;1149508
5;7;0.016750;1149508
5;4;0.016750;1149508
5;9;0.016751;1149508
5;3;0.016750;1149508
5;6;0.016750;1149508
5;6;0.016750;1149508
5;8;0.016750;1149508
5;3;0.016750;1149508
5;0;0.016750;1149508
5;5;0.016750;1149508
5;5;0.016750;1149508
5;3;0.016750;1149508
5;7;0.016750;1149508
5;7;0.016750;1149508
5;8;0.016751;1149508
5;3;0.016750;1149508
5;8;0.016750;1149508
5;7;0.016750;1149508
5;7;0.016750;1149508
5;9;0.016750;1149508
5;7;0.016750;1149508
5;8;0.016750;1149508
5;3;0.016750;1149508
5;3;0.016750;1149508
5;4;0.016760;1149508
5;3;0.016750;1149508
5;9;0.016750;1149508
5;2;0.016750;1149508
5;7;0.016750;1149508
5;8;0.016751;1149508
5;3;0.016751;1149508
5;8;0.016751;1149508
5;9;0.016750;1149508
5;4;0.016750;1149508
5;3;0.016750;1149508
5;7;0.016750;1149508
5;3;0.016751;1149508
5;8;0.016750;1149508
5;5;0.016751;1149508
5;7;0.016750;1149508
5;8;0.016753;1149508
5;9;0.016750;1149508
5;3;0.016750;1149508
5;9;0.016750;1149508
5;9;0.016751;1149508
5;9;0.016750;1149508
5;3;0.016750;1149508
5;3;0.016750;1149508
5;7;0.016750;1149508
5;8;0.016751;1149508
5;5;0.016750;1149508
5;8;0.016751;1149508
5;5;0.016751;1149508
5;9;0.016750;1149508
5;5;0.016750;1149508
5;9;0.016751;1149508
5;5;0.016750;1149508
5;8;0.016750;1149508
5;3;0.016751;1149508
5;8;0.016750;1149508
5;7;0.016751;1149508
5;7;0.016750;1149508
5;3;0.016750;1149508
5;7;0.016751;1149508
5;8;0.016750;1149508
5;3;0.016750;1149508
5;7;0.016750;1149508
5;4;0.016750;1149508
5;3;0.016750;1149508
5;9;0.016750;1149508
5;5;0.016750;1149508
5;6;0.016751;1149508
5;7;0.016752;1149508
5;5;0.016750;1149508
5;7;0.016750;1149508
5;7;0.016750;1149508
5;7;0.016752;1149508
5;7;0.016750;1149508
5;8;0.016752;1149508
5;8;0.016750;1149508
5;8;0.016750;1149508
5;4;0.016750;1149508
5;4;0.016750;1149508
5;5;0.016750;1149508
5;8;0.016754;1149508
5;5;0.016750;1149508
5;3;0.016750;1149508
5;4;0.016750;1149508
5;8;0.016750;1149508
5;5;0.016750;1149508
5;5;0.016750;1149508
5;7;0.016750;1149508
5;3;0.016750;1149508
5;3;0.016750;1149508
5;3;0.016750;1149508
5;7;0.016751;1149508
5;3;0.016750;1149508
5;3;0.016750;1149508
5;7;0.016754;1149508
5;3;0.016751;1149508
5;9;0.016751;1149508
5;7;0.016751;1149508
5;4;0.016750;1149508
5;0;0.016750;1149508
5;3;0.016750;1149508
5;8;0.016750;1149508
5;3;0.016750;1149508
5;1;0.016750;1149508
5;1;0.016750;1149508
5;2;0.016750;1149508
5;3;0.016751;1149508
5;7;0.016750;1149508
5;8;0.016750;1149508
5;7;0.016750;1149508
5;5;0.016750;1149508
5;8;0.016750;1149508
5;3;0.016751;1149508
5;8;0.016751;1149508
5;3;0.016750;1149508
5;7;0.016752;1149508
5;5;0.016750;1149508
5;9;0.016750;1149508
5;8;0.016750;1149508
5;8;0.016750;1149508
5;9;0.016750;1149508
5;9;0.016751;1149508
5;7;0.016750;1149508
5;5;0.016754;1149508
5;8;0.016751;1149508
5;3;0.016750;1149508
5;2;0.016751;1149508
5;9;0.016750;1149508
5;8;0.016750;1149508
5;3;0.016754;1149508
5;6;0.016750;1149508
5;7;0.016750;1149508
5;8;0.016750;1149508
5;8;0.016751;1149508
5;8;0.016751;1149508
5;3;0.016750;1149508
5;8;0.016750;1149508
5;1;0.016750;1149508
5;3;0.016750;1149508
5;3;0.016750;1149508
5;6;0.016750;1149508
5;3;0.016750;1149508
5;3;0.016751;1149508
5;3;0.016751;1149508
5;7;0.016750;1149508
5;7;0.016750;1149508
5;8;0.016750;1149508
5;0;0.016750;1149508
5;3;0.016750;1149508
5;3;0.016750;1149508
5;8;0.016750;1149508
5;8;0.016750;1149508
5;7;0.016751;1149508
5;7;0.016750;1149508
5;4;0.016750;1149508
5;8;0.016750;1149508
5;3;0.016750;1149508
5;3;0.016751;1149508
5;5;0.016750;1149508
5;5;0.016750;1149508
5;3;0.016751;1149508
5;9;0.016750;1149508
5;5;0.016750;1149508
5;7;0.016750;1149508
5;7;0.016750;1149508
5;8;0.016750;1149508
5;7;0.016750;1149508
5;7;0.016751;1149508
5;7;0.016750;1149508
5;2;0.016750;1149508
5;7;0.016750;1149508
5;8;0.016750;1149508
5;3;0.016750;1149508
5;2;0.016750;1149508
5;7;0.016750;1149508
5;0;0.016750;1149508
5;7;0.016750;1149508
5;3;0.016750;1149508
5;5;0.016750;1149508
5;4;0.016750;1149508
5;8;0.016750;1149508
5;2;0.016751;1149508
5;5;0.016751;1149508
5;9;0.016750;1149508
5;7;0.016751;1149508
5;9;0.016750;1149508
5;9;0.016750;1149508
5;8;0.016750;1149508
5;5;0.016750;1149508
5;7;0.016751;1149508
5;3;0.016750;1149508
5;5;0.016751;1149508
5;5;0.016750;1149508
5;5;0.016750;1149508
5;3;0.016750;1149508
5;7;0.016750;1149508
5;7;0.016750;1149508
5;3;0.016750;1149508
5;3;0.016750;1149508
5;7;0.016750;1149508
5;0;0.016750;1149508
5;3;0.016751;1149508
5;5;0.016750;1149508
5;3;0.016750;1149508
5;9;0.016750;1149508
5;5;0.016750;1149508
5;2;0.016750;1149508
5;3;0.016750;1149508
5;8;0.016751;1149508
5;7;0.016750;1149508
5;3;0.016750;1149508
5;8;0.016751;1149508
5;3;0.016752;1149508
5;8;0.016750;1149508
5;2;0.016751;1149508
5;8;0.016750;1149508
5;3;0.016751;1149508
5;5;0.016750;1149508
5;8;0.016750;1149508
5;3;0.016754;1149508
5;7;0.016750;1149508
5;6;0.016750;1149508
5;3;0.016751;1149508
5;8;0.016751;1149508
5;1;0.016750;1149508
5;4;0.016750;1149508
5;3;0.016750;1149508
5;8;0.016750;1149508
5;8;0.016750;1149508
5;5;0.016750;1149508
5;8;0.016750;1149508
5;6;0.016750;1149508
5;2;0.016750;1149508
5;5;0.016750;1149508
5;4;0.016751;1149508
5;5;0.016750;1149508
5;3;0.016750;1149508
5;7;0.016750;1149508
5;1;0.016750;1149508
5;7;0.016750;1149508
5;7;0.016750;1149508
5;1;0.016750;1149508
5;6;0.016750;1149508
5;7;0.016750;1149508
5;4;0.016752;1149508
5;8;0.016750;1149508
5;3;0.016751;1149508
5;3;0.016750;1149508
5;9;0.016760;1149508
5;8;0.016750;1149508
5;7;0.016750;1149508
5;3;0.016751;1149508
5;5;0.016750;1149508
5;3;0.016750;1149508
5;6;0.016750;1149508
5;5;0.016750;1149508
5;3;0.016750;1149508
5;4;0.016750;1149508
5;3;0.016750;1149508
5;3;0.016751;1149508
5;7;0.016751;1149508
5;8;0.016751;1149508
5;7;0.016751;1149508
5;3;0.016750;1149508
5;8;0.016750;1149508
5;9;0.016750;1149508
5;2;0.016750;1149508
5;3;0.016750;1149508
5;5;0.016750;1149508
5;1;0.016750;1149508
5;8;0.016750;1149508
5;7;0.016751;1149508
5;7;0.016750;1149508
5;5;0.016750;1149508
5;3;0.016751;1149508
5;2;0.016750;1149508
5;6;0.016750;1149508
5;8;0.016750;1149508
5;8;0.016760;1149508
5;8;0.016750;1149508
5;3;0.016750;1149508
5;8;0.016751;1149508
5;3;0.016750;1149508
5;4;0.016750;1149508
5;5;0.016750;1149508
5;5;0.016750;1149508
5;4;0.016755;1149508
5;7;0.016750;1149508
5;7;0.016750;1149508
5;8;0.016750;1149508
5;7;0.016750;1149508
5;5;0.016750;1149508
5;8;0.016750;1149508
5;5;0.016750;1149508
5;7;0.016759;1149508
5;5;0.016750;1149508
5;7;0.016750;1149508
5;3;0.016828;1149508
5;8;0.016751;1149508
5;9;0.016750;1149508
5;3;0.016751;1149508
5;3;0.016751;1149508
5;3;0.016750;1149508
5;7;0.016750;1149508
5;3;0.016750;1149508
5;2;0.016750;1149508
5;8;0.016750;1149508
5;3;0.016750;1149508
5;9;0.016750;1149508
5;9;0.016750;1149508
5;5;0.016750;1149508
5;7;0.016750;1149508
5;8;0.016751;1149508
5;4;0.016751;1149508
5;9;0.016750;1149508
5;7;0.016750;1149508
5;7;0.016750;1149508
5;5;0.016750;1149508
5;5;0.016750;1149508
5;7;0.016751;1149508
5;5;0.016751;1149508
5;5;0.016750;1149508
5;7;0.016750;1149508
5;5;0.016750;1149508
5;9;0.016750;1149508
5;4;0.016750;1149508
5;3;0.016750;1149508
5;7;0.016750;1149508
5;9;0.016750;1149508
5;3;0.016750;1149508
5;3;0.016750;1149508
5;3;0.016750;1149508
5;3;0.016750;1149508
5;3;0.016750;1149508
5;5;0.016750;1149508
5;5;0.016760;1149508
5;5;0.016750;1149508
5;5;0.016760;1149508
5;5;0.016751;1149508
5;3;0.016753;1149508
5;3;0.016750;1149508
5;8;0.016750;1149508
5;7;0.016750;1149508
5;3;0.016751;1149508
5;3;0.016750;1149508
5;4;0.016754;1149508
5;9;0.016750;1149508
5;3;0.016750;1149508
5;3;0.016750;1149508
5;4;0.016751;1149508
5;8;0.016750;1149508
5;3;0.016750;1149508
5;8;0.016750;1149508
5;8;0.016750;1149508
5;5;0.016750;1149508
5;8;0.016750;1149508
5;3;0.016750;1149508
5;3;0.016750;1149508
5;8;0.016750;1149508
5;7;0.016750;1149508
5;8;0.016750;1149508
5;5;0.016750;1149508
5;5;0.016752;1149508
5;5;0.016750;1149508
5;7;0.016750;1149508
5;5;0.016750;1149508
5;3;0.016750;1149508
5;5;0.016750;1149508
5;8;0.016750;1149508
5;8;0.016750;1149508
5;7;0.016750;1149508
5;5;0.016750;1149508
5;5;0.016753;1149508
5;3;0.016750;1149508
5;1;0.016750;1149508
5;5;0.016750;1149508
5;9;0.016751;1149508
5;8;0.016750;1149508
5;5;0.016752;1149508
5;3;0.016751;1149508
5;8;0.016750;1149508
5;7;0.016750;1149508
5;5;0.016750;1149508
5;6;0.016750;1149508
5;3;0.016752;1149508
5;3;0.016750;1149508
5;3;0.016750;1149508
5;3;0.016750;1149508
5;5;0.016751;1149508
5;8;0.016751;1149508
5;8;0.016750;1149508
5;7;0.016751;1149508
5;3;0.016751;1149508
5;3;0.016750;1149508
5;2;0.016751;1149508
5;3;0.016874;1149508
5;9;0.016751;1149508
5;9;0.016751;1149508
5;6;0.016750;1149508
5;3;0.016750;1149508
5;3;0.016750;1149508
5;3;0.016750;1149508
5;3;0.016750;1149508
5;6;0.016751;1149508
5;8;0.016751;1149508
5;7;0.016750;1149508
5;8;0.016750;1149508
5;8;0.016750;1149508
5;9;0.016755;1149508
5;3;0.016750;1149508
5;3;0.016751;1149508
5;8;0.016750;1149508
5;8;0.016750;1149508
5;9;0.016750;1149508
5;5;0.016750;1149508
5;8;0.016751;1149508
5;5;0.016753;1149508
5;5;0.016750;1149508
5;3;0.016750;1149508
5;3;0.016750;1149508
5;3;0.016750;1149508
5;8;0.016751;1149508
5;3;0.016750;1149508
5;3;0.016752;1149508
5;3;0.016751;1149508
5;3;0.016751;1149508
5;3;0.016750;1149508
5;5;0.016751;1149508
5;5;0.016750;1149508
5;3;0.016750;1149508
5;5;0.016750;1149508
5;4;0.016750;1149508
5;3;0.016750;1149508
5;3;0.016750;1149508
5;3;0.016751;1149508
5;2;0.016750;1149508
5;3;0.016750;1149508
5;5;0.016750;1149508
5;7;0.016752;1149508
5;9;0.016750;1149508
5;2;0.016751;1149508
5;3;0.016750;1149508
5;2;0.016750;1149508
5;7;0.016750;1149508
5;3;0.016750;1149508
5;8;0.016750;1149508
5;7;0.016750;1149508
5;3;0.016750;1149508
5;0;0.016751;1149508
5;9;0.016750;1149508
5;5;0.016750;1149508
5;5;0.016750;1149508
5;7;0.016750;1149508
5;7;0.016750;1149508
5;4;0.016751;1149508
5;3;0.016751;1149508
5;9;0.016750;1149508
5;3;0.016750;1149508
5;9;0.016750;1149508
5;3;0.016750;1149508
5;5;0.016750;1149508
5;4;0.016751;1149508
5;7;0.016750;1149508
5;5;0.016750;1149508
5;3;0.016750;1149508
5;5;0.016750;1149508
5;5;0.016750;1149508
5;9;0.016750;1149508
5;4;0.016750;1149508
5;3;0.016750;1149508
5;3;0.016750;1149508
5;8;0.016750;1149508
5;1;0.016751;1149508
5;8;0.016750;1149508
5;3;0.016751;1149508
5;6;0.016750;1149508
5;5;0.016750;1149508
5;5;0.016750;1149508
5;5;0.016750;1149508
5;3;0.016750;1149508
5;5;0.016750;1149508
5;3;0.016750;1149508
5;3;0.016751;1149508
5;3;0.016750;1149508
5;8;0.016752;1149508
5;5;0.016750;1149508
5;7;0.016750;1149508
5;7;0.016751;1149508
5;3;0.016751;1149508
5;8;0.016750;1149508
5;3;0.016750;1149508
5;8;0.016750;1149508
5;3;0.016750;1149508
5;3;0.016750;1149508
5;3;0.016750;1149508
5;3;0.016751;1149508
5;3;0.016750;1149508
5;3;0.016761;1149508
5;8;0.016750;1149508
5;6;0.016752;1149508
5;3;0.016750;1149508
5;7;0.016754;1149508
5;5;0.016750;1149508
5;7;0.016750;1149508
5;4;0.016750;1149508
5;7;0.016751;1149508
5;7;0.016751;1149508
5;5;0.016751;1149508
5;7;0.016750;1149508
5;5;0.016750;1149508
5;9;0.016750;1149508
5;7;0.016750;1149508
5;7;0.016750;1149508
5;8;0.016750;1149508
5;7;0.016750;1149508
5;2;0.016750;1149508
5;9;0.016750;1149508
5;9;0.016750;1149508
5;2;0.016750;1149508
5;8;0.016750;1149508
5;7;0.016750;1149508
5;8;0.016750;1149508
5;7;0.016750;1149508
5;3;0.016750;1149508
5;7;0.016750;1149508
5;8;0.016751;1149508
5;3;0.016755;1149508
5;8;0.016751;1149508
5;2;0.016751;1149508
5;3;0.016750;1149508
5;3;0.016752;1149508
5;3;0.016751;1149508
5;3;0.016750;1149508
5;7;0.016751;1149508
5;7;0.016751;1149508
5;7;0.016751;1149508
5;7;0.016750;1149508
5;3;0.016751;1149508
5;2;0.016750;1149508
5;8;0.016750;1149508
5;5;0.016751;1149508
5;3;0.016753;1149508
5;4;0.016750;1149508
5;7;0.016760;1149508
5;3;0.016750;1149508
5;7;0.016751;1149508
5;2;0.016750;1149508
5;8;0.016750;1149508
5;9;0.016750;1149508
5;2;0.016750;1149508
5;3;0.016750;1149508
5;8;0.016750;1149508
5;9;0.016750;1149508
5;5;0.016750;1149508
5;7;0.016750;1149508
5;3;0.016750;1149508
5;3;0.016750;1149508
5;3;0.016751;1149508
5;3;0.016751;1149508
5;3;0.016750;1149508
5;3;0.016750;1149508
5;3;0.016750;1149508
5;3;0.016750;1149508
5;8;0.016751;1149508
5;3;0.016750;1149508
5;3;0.016750;1149508
5;5;0.016750;1149508
5;8;0.016750;1149508
5;8;0.016751;1149508
5;3;0.016751;1149508
5;6;0.016750;1149508
5;3;0.016755;1149508
5;7;0.016751;1149508
5;3;0.016750;1149508
5;8;0.016751;1149508
5;8;0.016750;1149508
5;8;0.016750;1149508
5;8;0.016750;1149508
5;7;0.016751;1149508
5;7;0.016750;1149508
5;8;0.016750;1149508
5;8;0.016750;1149508
5;3;0.016750;1149508
5;8;0.016751;1149508
5;8;0.016750;1149508
5;8;0.016750;1149508
5;4;0.016751;1149508
5;7;0.016750;1149508
5;8;0.016750;1149508
5;3;0.016750;1149508
5;0;0.016752;1149508
5;5;0.016751;1149508
5;3;0.016752;1149508
5;7;0.016750;1149508
5;5;0.016750;1149508
5;8;0.016750;1149508
5;9;0.016750;1149508
5;5;0.016750;1149508
5;4;0.016750;1149508
5;5;0.016750;1149508
5;8;0.016751;1149508
5;5;0.016751;1149508
5;8;0.016750;1149508
5;8;0.016753;1149508
5;3;0.016750;1149508
5;3;0.016750;1149508
5;5;0.016750;1149508
5;3;0.016750;1149508
5;7;0.016750;1149508
5;4;0.016750;1149508
5;9;0.016751;1149508
5;5;0.016750;1149508
5;9;0.016750;1149508
5;3;0.016750;1149508
5;8;0.016751;1149508
5;5;0.016751;1149508
5;3;0.016750;1149508
5;6;0.016750;1149508
5;5;0.016750;1149508
5;9;0.016750;1149508
5;8;0.016750;1149508
5;7;0.016751;1149508
5;8;0.016750;1149508
5;5;0.016750;1149508
5;8;0.016750;1149508
5;7;0.016751;1149508
5;6;0.016751;1149508
5;5;0.016750;1149508
5;8;0.016750;1149508
5;5;0.016750;1149508
5;7;0.016750;1149508
5;9;0.016750;1149508
5;9;0.016750;1149508
5;8;0.016750;1149508
5;8;0.016750;1149508
5;8;0.016751;1149508
5;8;0.016750;1149508
5;8;0.016750;1149508
5;3;0.016751;1149508
5;8;0.016750;1149508
5;8;0.016750;1149508
5;3;0.016750;1149508
5;7;0.016751;1149508
5;7;0.016750;1149508
5;3;0.016750;1149508
5;7;0.016750;1149508
5;2;0.016750;1149508
5;8;0.016750;1149508
5;7;0.016750;1149508
5;5;0.016750;1149508
5;8;0.016750;1149508
5;3;0.016759;1149508
5;8;0.016750;1149508
5;3;0.016760;1149508
5;3;0.016751;1149508
5;3;0.016750;1149508
5;8;0.016751;1149508
5;3;0.016750;1149508
5;3;0.016751;1149508
5;8;0.016750;1149508
5;7;0.016750;1149508
5;7;0.016750;1149508
5;7;0.016750;1149508
5;3;0.016750;1149508
5;8;0.016750;1149508
5;3;0.016750;1149508
5;3;0.016751;1149508
5;5;0.016752;1149508
5;7;0.016751;1149508
5;8;0.016751;1149508
5;7;0.016751;1149508
5;8;0.016751;1149508
5;7;0.016750;1149508
5;5;0.016750;1149508
5;7;0.016751;1149508
5;7;0.016750;1149508
5;9;0.016750;1149508
5;9;0.016750;1149508
5;2;0.016750;1149508
5;5;0.016750;1149508
5;8;0.016750;1149508
5;8;0.016750;1149508
5;9;0.016750;1149508
5;3;0.016750;1149508
5;1;0.016750;1149508
5;5;0.016750;1149508
5;8;0.016750;1149508
5;1;0.016750;1149508
5;8;0.016751;1149508
5;1;0.016751;1149508
5;3;0.016754;1149508
5;3;0.016750;1149508
5;4;0.016759;1149508
5;3;0.016750;1149508
5;5;0.016750;1149508
5;7;0.016751;1149508
5;7;0.016750;1149508
5;8;0.016751;1149508
5;8;0.016750;1149508
5;2;0.016750;1149508
5;3;0.016750;1149508
5;0;0.016750;1149508
5;8;0.016750;1149508
5;5;0.016750;1149508
5;1;0.016751;1149508
5;8;0.016750;1149508
5;8;0.016750;1149508
5;5;0.016750;1149508
5;7;0.016750;1149508
5;7;0.016750;1149508
5;7;0.016750;1149508
5;7;0.016750;1149508
5;5;0.016750;1149508
5;7;0.016750;1149508
5;5;0.016750;1149508
5;5;0.016750;1149508
5;5;0.016750;1149508
5;8;0.016750;1149508
5;3;0.016751;1149508
5;7;0.016750;1149508
5;7;0.016750;1149508
5;5;0.016750;1149508
5;3;0.016750;1149508
5;7;0.016751;1149508
5;7;0.016750;1149508
5;5;0.016750;1149508
5;8;0.016750;1149508
5;3;0.016750;1149508
5;3;0.016750;1149508
5;3;0.016750;1149508
5;2;0.016750;1149508
5;7;0.016751;1149508
5;7;0.016751;1149508
5;8;0.016750;1149508
5;7;0.016750;1149508
5;7;0.016750;1149508
5;3;0.016750;1149508
5;9;0.016751;1149508
5;7;0.016750;1149508
5;7;0.016750;1149508
5;5;0.016750;1149508
5;3;0.016750;1149508
5;7;0.016750;1149508
5;5;0.016751;1149508
5;8;0.016750;1149508
5;3;0.016750;1149508
5;4;0.016750;1149508
5;9;0.016750;1149508
5;7;0.016750;1149508
5;5;0.016751;1149508
5;7;0.016750;1149508
5;7;0.016750;1149508
5;9;0.016750;1149508
5;2;0.016755;1149508
5;8;0.016750;1149508
5;9;0.016750;1149508
5;1;0.016751;1149508
5;7;0.016750;1149508
5;2;0.016750;1149508
5;7;0.016751;1149508
5;7;0.016750;1149508
5;9;0.016750;1149508
5;7;0.016750;1149508
5;3;0.016750;1149508
5;8;0.016750;1149508
5;7;0.016750;1149508
5;0;0.016750;1149508
5;7;0.016751;1149508
5;1;0.016750;1149508
5;4;0.016750;1149508
5;7;0.016750;1149508
5;7;0.016750;1149508
5;7;0.016750;1149508
5;2;0.016750;1149508
5;2;0.016750;1149508
5;6;0.016750;1149508
5;2;0.016750;1149508
5;9;0.016750;1149508
5;5;0.016750;1149508
5;8;0.016753;1149508
6;8;0.016750;1149508
6;2;0.016760;1149508
6;7;0.016750;1149508
6;4;0.016755;1149508
6;8;0.016750;1149508
6;4;0.016750;1149508
6;6;0.016751;1149508
6;3;0.016750;1149508
6;1;0.016750;1149508
6;6;0.016750;1149508
6;6;0.016750;1149508
6;6;0.016750;1149508
6;6;0.016751;1149508
6;8;0.016750;1149508
6;6;0.016750;1149508
6;4;0.016750;1149508
6;6;0.016750;1149508
6;8;0.016750;1149508
6;6;0.016750;1149508
6;6;0.016750;1149508
6;3;0.016750;1149508
6;4;0.016752;1149508
6;6;0.016751;1149508
6;9;0.016751;1149508
6;4;0.016751;1149508
6;6;0.016751;1149508
6;6;0.016751;1149508
6;4;0.016751;1149508
6;4;0.016750;1149508
6;6;0.016750;1149508
6;6;0.016750;1149508
6;4;0.016750;1149508
6;6;0.016750;1149508
6;4;0.016750;1149508
6;6;0.016750;1149508
6;2;0.016750;1149508
6;6;0.016750;1149508
6;4;0.016751;1149508
6;6;0.016750;1149508
6;6;0.016751;1149508
6;7;0.016750;1149508
6;6;0.016750;1149508
6;1;0.016750;1149508
6;4;0.016753;1149508
6;4;0.016750;1149508
6;6;0.016750;1149508
6;2;0.016750;1149508
6;6;0.016750;1149508
6;6;0.016750;1149508
6;6;0.016755;1149508
6;4;0.016750;1149508
6;6;0.016750;1149508
6;6;0.016750;1149508
6;4;0.016750;1149508
6;2;0.016750;1149508
6;6;0.016750;1149508
6;6;0.016750;1149508
6;8;0.016751;1149508
6;9;0.016751;1149508
6;6;0.016750;1149508
6;6;0.016752;1149508
6;6;0.016754;1149508
6;2;0.016750;1149508
6;7;0.016750;1149508
6;6;0.016750;1149508
6;8;0.016751;1149508
6;6;0.016750;1149508
6;6;0.016750;1149508
6;6;0.016750;1149508
6;6;0.016750;1149508
6;4;0.016760;1149508
6;8;0.016750;1149508
6;8;0.016750;1149508
6;6;0.016750;1149508
6;4;0.016750;1149508
6;3;0.016750;1149508
6;2;0.016751;1149508
6;6;0.016750;1149508
6;6;0.016750;1149508
6;6;0.016750;1149508
6;9;0.016750;1149508
6;4;0.016751;1149508
6;6;0.016751;1149508
6;2;0.016750;1149508
6;1;0.016750;1149508
6;3;0.016750;1149508
6;3;0.016750;1149508
6;6;0.016750;1149508
6;8;0.016750;1149508
6;9;0.016750;1149508
6;6;0.016751;1149508
6;6;0.016751;1149508
6;4;0.016750;1149508
6;7;0.016750;1149508
6;7;0.016750;1149508
6;6;0.016750;1149508
6;6;0.016751;1149508
6;6;0.016751;1149508
6;9;0.016750;1149508
6;9;0.016753;1149508
6;6;0.016751;1149508
6;9;0.016750;1149508
6;6;0.016750;1149508
6;6;0.016750;1149508
6;6;0.016750;1149508
6;6;0.016750;1149508
6;6;0.016750;1149508
6;2;0.016750;1149508
6;6;0.016750;1149508
6;4;0.016750;1149508
6;4;0.016750;1149508
6;3;0.016751;1149508
6;4;0.016750;1149508
6;6;0.016750;1149508
6;6;0.016750;1149508
6;8;0.016750;1149508
6;3;0.016750;1149508
6;4;0.016750;1149508
6;1;0.016750;1149508
6;4;0.016750;1149508
6;4;0.016750;1149508
6;6;0.016750;1149508
6;3;0.016760;1149508
6;6;0.016750;1149508
6;4;0.016750;1149508
6;2;0.016750;1149508
6;3;0.016751;1149508
6;9;0.016750;1149508
6;4;0.016750;1149508
6;4;0.016750;1149508
6;2;0.016750;1149508
6;6;0.016750;1149508
6;6;0.016750;1149508
6;4;0.016751;1149508
6;6;0.016750;1149508
6;6;0.016751;1149508
6;4;0.016752;1149508
6;4;0.016750;1149508
6;4;0.016753;1149508
6;6;0.016750;1149508
6;6;0.016751;1149508
6;6;0.016750;1149508
6;4;0.016750;1149508
6;6;0.016750;1149508
6;6;0.016750;1149508
6;6;0.016750;1149508
6;4;0.016750;1149508
6;6;0.016750;1149508
6;6;0.016750;1149508
6;4;0.016750;1149508
6;6;0.016750;1149508
6;4;0.016750;1149508
6;6;0.016750;1149508
6;4;0.016750;1149508
6;6;0.016750;1149508
6;2;0.016750;1149508
6;2;0.016750;1149508
6;6;0.016752;1149508
6;6;0.016751;1149508
6;0;0.016750;1149508
6;6;0.016750;1149508
6;4;0.016751;1149508
6;6;0.016750;1149508
6;8;0.016750;1149508
6;8;0.016750;1149508
6;9;0.016751;1149508
6;6;0.016750;1149508
6;6;0.016750;1149508
6;4;0.016750;1149508
6;4;0.016750;1149508
6;4;0.016751;1149508
6;2;0.016751;1149508
6;4;0.016750;1149508
6;8;0.016750;1149508
6;6;0.016750;1149508
6;6;0.016750;1149508
6;8;0.016750;1149508
6;6;0.016750;1149508
6;4;0.016750;1149508
6;6;0.016750;1149508
6;6;0.016750;1149508
6;6;0.016755;1149508
6;6;0.016750;1149508
6;4;0.016754;1149508
6;6;0.016750;1149508
6;3;0.016751;1149508
6;2;0.016751;1149508
6;6;0.016751;1149508
6;6;0.016750;1149508
6;6;0.016750;1149508
6;6;0.016750;1149508
6;6;0.016750;1149508
6;8;0.016750;1149508
6;4;0.016750;1149508
6;6;0.016751;1149508
6;4;0.016750;1149508
6;6;0.016751;1149508
6;6;0.016751;1149508
6;3;0.016750;1149508
6;6;0.016750;1149508
6;6;0.016751;1149508
6;8;0.016750;1149508
6;6;0.016751;1149508
6;6;0.016750;1149508
6;3;0.016750;1149508
6;4;0.016750;1149508
6;4;0.016750;1149508
6;6;0.016750;1149508
6;6;0.016750;1149508
6;6;0.016751;1149508
6;6;0.016751;1149508
6;6;0.016750;1149508
6;6;0.016750;1149508
6;6;0.016750;1149508
6;4;0.016750;1149508
6;7;0.016751;1149508
6;6;0.016750;1149508
6;6;0.016750;1149508
6;4;0.016751;1149508
6;6;0.016750;1149508
6;6;0.016750;1149508
6;9;0.016750;1149508
6;2;0.016750;1149508
6;3;0.016751;1149508
6;6;0.016751;1149508
6;2;0.016750;1149508
6;6;0.016750;1149508
6;6;0.016750;1149508
6;3;0.016750;1149508
6;2;0.016750;1149508
6;6;0.016750;1149508
6;8;0.016751;1149508
6;7;0.016750;1149508
6;2;0.016750;1149508
6;4;0.016750;1149508
6;6;0.016750;1149508
6;4;0.016750;1149508
6;6;0.016750;1149508
6;4;0.016750;1149508
6;6;0.016750;1149508
6;8;0.016751;1149508
6;8;0.016751;1149508
6;6;0.016750;1149508
6;6;0.016751;1149508
6;6;0.016750;1149508
6;6;0.016750;1149508
6;8;0.016750;1149508
6;6;0.016750;1149508
6;7;0.016751;1149508
6;6;0.016751;1149508
6;6;0.016750;1149508
6;6;0.016751;1149508
6;6;0.016750;1149508
6;4;0.016750;1149508
6;9;0.016750;1149508
6;6;0.016750;1149508
6;3;0.016750;1149508
6;6;0.016750;1149508
6;8;0.016750;1149508
6;4;0.016750;1149508
6;9;0.016751;1149508
6;6;0.016750;1149508
6;4;0.016750;1149508
6;4;0.016750;1149508
6;4;0.016750;1149508
6;6;0.016751;1149508
6;6;0.016751;1149508
6;6;0.016750;1149508
6;6;0.016750;1149508
6;1;0.016750;1149508
6;6;0.016750;1149508
6;6;0.016750;1149508
6;6;0.016750;1149508
6;6;0.016750;1149508
6;6;0.016750;1149508
6;7;0.016751;1149508
6;6;0.016750;1149508
6;6;0.016750;1149508
6;4;0.016750;1149508
6;3;0.016750;1149508
6;4;0.016750;1149508
6;6;0.016751;1149508
6;6;0.016750;1149508
6;2;0.016751;1149508
6;8;0.016750;1149508
6;6;0.016750;1149508
6;6;0.016750;1149508
6;6;0.016750;1149508
6;6;0.016750;1149508
6;4;0.016750;1149508
6;2;0.016751;1149508
6;3;0.016750;1149508
6;3;0.016750;1149508
6;5;0.016751;1149508
6;6;0.016752;1149508
6;2;0.016751;1149508
6;4;0.016752;1149508
6;8;0.016750;1149508
6;4;0.016750;1149508
6;6;0.016750;1149508
6;7;0.016750;1149508
6;2;0.016750;1149508
6;8;0.016750;1149508
6;6;0.016751;1149508
6;4;0.016750;1149508
6;6;0.016750;1149508
6;4;0.016750;1149508
6;6;0.016750;1149508
6;6;0.016750;1149508
6;6;0.016750;1149508
6;6;0.016751;1149508
6;4;0.016750;1149508
6;4;0.016750;1149508
6;3;0.016750;1149508
6;3;0.016751;1149508
6;3;0.016750;1149508
6;6;0.016750;1149508
6;6;0.016750;1149508
6;4;0.016750;1149508
6;6;0.016751;1149508
6;7;0.016750;1149508
6;6;0.016750;1149508
6;1;0.016750;1149508
6;2;0.016750;1149508
6;8;0.016750;1149508
6;8;0.016750;1149508
6;3;0.016750;1149508
6;6;0.016751;1149508
6;6;0.016750;1149508
6;4;0.016751;1149508
6;6;0.016750;1149508
6;9;0.016750;1149508
6;4;0.016751;1149508
6;6;0.016751;1149508
6;4;0.016750;1149508
6;6;0.016751;1149508
6;6;0.016750;1149508
6;6;0.016750;1149508
6;6;0.016751;1149508
6;6;0.016750;1149508
6;4;0.016751;1149508
6;6;0.016750;1149508
6;6;0.016751;1149508
6;6;0.016750;1149508
6;6;0.016760;1149508
6;4;0.016750;1149508
6;6;0.016750;1149508
6;8;0.016750;1149508
6;8;0.016750;1149508
6;4;0.016750;1149508
6;8;0.016750;1149508
6;6;0.016750;1149508
6;4;0.016750;1149508
6;2;0.016752;1149508
6;6;0.016751;1149508
6;4;0.016750;1149508
6;8;0.016751;1149508
6;6;0.016750;1149508
6;6;0.016750;1149508
6;6;0.016750;1149508
6;6;0.016750;1149508
6;6;0.016751;1149508
6;4;0.016750;1149508
6;6;0.016750;1149508
6;4;0.016750;1149508
6;8;0.016751;1149508
6;2;0.016750;1149508
6;6;0.016750;1149508
6;6;0.016750;1149508
6;6;0.016751;1149508
6;6;0.016751;1149508
6;6;0.016750;1149508
6;4;0.016750;1149508
6;4;0.016750;1149508
6;9;0.016750;1149508
6;6;0.016750;1149508
6;8;0.016750;1149508
6;6;0.016750;1149508
6;6;0.016750;1149508
6;6;0.016750;1149508
6;6;0.016750;1149508
6;6;0.016750;1149508
6;4;0.016750;1149508
6;6;0.016750;1149508
6;4;0.016750;1149508
6;1;0.016750;1149508
6;8;0.016750;1149508
6;8;0.016751;1149508
6;4;0.016750;1149508
6;4;0.016750;1149508
6;2;0.016750;1149508
6;6;0.016750;1149508
6;8;0.016750;1149508
6;8;0.016751;1149508
6;3;0.016750;1149508
6;6;0.016750;1149508
6;4;0.016750;1149508
6;2;0.016750;1149508
6;8;0.016751;1149508
6;6;0.016750;1149508
6;8;0.016750;1149508
6;6;0.016750;1149508
6;6;0.016751;1149508
6;6;0.016750;1149508
6;6;0.016751;1149508
6;2;0.016750;1149508
6;6;0.016751;1149508
6;6;0.016750;1149508
6;9;0.016750;1149508
6;4;0.016750;1149508
6;4;0.016750;1149508
6;6;0.016750;1149508
6;6;0.016750;1149508
6;6;0.016750;1149508
6;6;0.016750;1149508
6;6;0.016750;1149508
6;6;0.016751;1149508
6;6;0.016751;1149508
6;2;0.016750;1149508
6;8;0.016759;1149508
6;6;0.016750;1149508
6;4;0.016750;1149508
6;6;0.016750;1149508
6;9;0.016750;1149508
6;6;0.016750;1149508
6;6;0.016750;1149508
6;6;0.016750;1149508
6;4;0.016750;1149508
6;3;0.016752;1149508
6;9;0.016950;1149508
6;6;0.016751;1149508
6;6;0.016750;1149508
6;6;0.016750;1149508
6;6;0.016750;1149508
6;6;0.016750;1149508
6;4;0.016750;1149508
6;6;0.016751;1149508
6;4;0.016750;1149508
6;6;0.016759;1149508
6;6;0.016750;1149508
6;6;0.016760;1149508
6;9;0.016750;1149508
6;4;0.016750;1149508
6;6;0.016750;1149508
6;6;0.016750;1149508
6;6;0.016750;1149508
6;6;0.016751;1149508
6;6;0.016761;1149508
6;6;0.016751;1149508
6;6;0.016751;1149508
6;6;0.016750;1149508
6;6;0.016750;1149508
6;6;0.016751;1149508
6;6;0.016750;1149508
6;6;0.016750;1149508
6;4;0.016751;1149508
6;2;0.016750;1149508
6;6;0.016751;1149508
6;2;0.016751;1149508
6;8;0.016751;1149508
6;6;0.016751;1149508
6;4;0.016750;1149508
6;6;0.016750;1149508
6;8;0.016750;1149508
6;9;0.016750;1149508
6;6;0.016750;1149508
6;6;0.016750;1149508
6;6;0.016751;1149508
6;6;0.016751;1149508
6;9;0.016751;1149508
6;4;0.016750;1149508
6;6;0.016750;1149508
6;6;0.016750;1149508
6;4;0.016750;1149508
6;8;0.016750;1149508
6;4;0.016750;1149508
6;6;0.016750;1149508
6;6;0.016752;1149508
6;4;0.016750;1149508
6;6;0.016750;1149508
6;4;0.016750;1149508
6;6;0.016750;1149508
6;4;0.016750;1149508
6;2;0.016750;1149508
6;6;0.016750;1149508
6;6;0.016759;1149508
6;6;0.016750;1149508
6;4;0.016750;1149508
6;4;0.016751;1149508
6;6;0.016750;1149508
6;4;0.016750;1149508
6;6;0.016750;1149508
6;6;0.016750;1149508
6;6;0.016750;1149508
6;9;0.016750;1149508
6;6;0.016750;1149508
6;6;0.016751;1149508
6;4;0.016750;1149508
6;6;0.016750;1149508
6;6;0.016750;1149508
6;4;0.016750;1149508
6;6;0.016750;1149508
6;6;0.016750;1149508
6;6;0.016750;1149508
6;6;0.016750;1149508
6;7;0.016751;1149508
6;6;0.016750;1149508
6;6;0.016750;1149508
6;6;0.016750;1149508
6;6;0.016750;1149508
6;8;0.016750;1149508
6;9;0.016750;1149508
6;6;0.016750;1149508
6;6;0.016750;1149508
6;4;0.016751;1149508
6;6;0.016750;1149508
6;4;0.016750;1149508
6;4;0.016750;1149508
6;4;0.016750;1149508
6;6;0.016750;1149508
6;4;0.016762;1149508
6;6;0.016750;1149508
6;6;0.016751;1149508
6;4;0.016751;1149508
6;4;0.016750;1149508
6;4;0.016750;1149508
6;6;0.016750;1149508
6;6;0.016750;1149508
6;4;0.016751;1149508
6;3;0.016751;1149508
6;4;0.016751;1149508
6;3;0.016750;1149508
6;6;0.016750;1149508
6;6;0.016750;1149508
6;6;0.016750;1149508
6;6;0.016750;1149508
6;8;0.016750;1149508
6;6;0.016750;1149508
6;6;0.016750;1149508
6;8;0.016750;1149508
6;6;0.016751;1149508
6;6;0.016750;1149508
6;6;0.016751;1149508
6;6;0.016750;1149508
6;6;0.016750;1149508
6;6;0.016750;1149508
6;6;0.016750;1149508
6;6;0.016751;1149508
6;6;0.016751;1149508
6;2;0.016750;1149508
6;6;0.016750;1149508
6;6;0.016750;1149508
6;6;0.016751;1149508
6;6;0.016750;1149508
6;4;0.016750;1149508
6;6;0.016750;1149508
6;6;0.016750;1149508
6;4;0.016750;1149508
6;4;0.016750;1149508
6;9;0.016750;1149508
6;6;0.016750;1149508
6;6;0.016750;1149508
6;6;0.016750;1149508
6;6;0.016750;1149508
6;4;0.016752;1149508
6;6;0.016754;1149508
6;2;0.016750;1149508
6;4;0.016751;1149508
6;6;0.016760;1149508
6;2;0.016751;1149508
6;6;0.016750;1149508
6;6;0.016750;1149508
6;6;0.016750;1149508
6;6;0.016750;1149508
6;6;0.016750;1149508
6;6;0.016751;1149508
6;6;0.016751;1149508
6;7;0.016750;1149508
6;6;0.016751;1149508
6;6;0.016750;1149508
6;2;0.016750;1149508
6;4;0.016751;1149508
6;4;0.016751;1149508
6;2;0.016750;1149508
6;7;0.016750;1149508
6;4;0.016750;1149508
6;6;0.016750;1149508
6;4;0.016753;1149508
6;6;0.016750;1149508
6;2;0.016750;1149508
6;6;0.016750;1149508
6;6;0.016750;1149508
6;2;0.016750;1149508
6;2;0.016750;1149508
6;6;0.016750;1149508
6;2;0.016751;1149508
6;6;0.016750;1149508
6;6;0.016753;1149508
6;6;0.016750;1149508
6;6;0.016750;1149508
6;7;0.016750;1149508
6;6;0.016751;1149508
6;6;0.016750;1149508
6;6;0.016751;1149508
6;6;0.016753;1149508
6;2;0.016751;1149508
6;4;0.016750;1149508
6;6;0.016751;1149508
6;4;0.016750;1149508
6;6;0.016750;1149508
6;6;0.016750;1149508
6;6;0.016751;1149508
6;4;0.016751;1149508
6;6;0.016750;1149508
6;8;0.016750;1149508
6;6;0.016751;1149508
6;4;0.016751;1149508
6;6;0.016750;1149508
6;6;0.016750;1149508
6;4;0.016750;1149508
6;6;0.016750;1149508
6;6;0.016750;1149508
6;6;0.016750;1149508
6;4;0.016751;1149508
6;6;0.016751;1149508
6;6;0.016751;1149508
6;6;0.016751;1149508
6;6;0.016750;1149508
6;2;0.016751;1149508
6;6;0.016750;1149508
6;6;0.016751;1149508
6;3;0.016754;1149508
6;2;0.016750;1149508
6;6;0.016750;1149508
6;6;0.016750;1149508
6;6;0.016753;1149508
6;6;0.016750;1149508
6;6;0.016753;1149508
6;6;0.016751;1149508
6;6;0.016751;1149508
6;4;0.016750;1149508
6;6;0.016750;1149508
6;6;0.016751;1149508
6;6;0.016750;1149508
6;6;0.016750;1149508
6;6;0.016750;1149508
6;6;0.016750;1149508
6;6;0.016750;1149508
6;2;0.016750;1149508
6;6;0.016750;1149508
6;8;0.016750;1149508
6;2;0.016750;1149508
6;4;0.016750;1149508
6;6;0.016750;1149508
6;6;0.016751;1149508
6;6;0.016751;1149508
6;2;0.016750;1149508
6;3;0.016750;1149508
6;6;0.016750;1149508
6;6;0.016750;1149508
6;6;0.016750;1149508
6;6;0.016750;1149508
6;4;0.016751;1149508
6;6;0.016751;1149508
6;6;0.016752;1149508
6;6;0.016750;1149508
6;6;0.016750;1149508
6;6;0.016750;1149508
6;4;0.016761;1149508
6;6;0.016750;1149508
6;4;0.016750;1149508
6;6;0.016750;1149508
6;6;0.016750;1149508
6;6;0.016750;1149508
6;6;0.016760;1149508
6;6;0.016750;1149508
6;2;0.016750;1149508
6;7;0.016750;1149508
6;6;0.016750;1149508
6;6;0.016751;1149508
6;6;0.016750;1149508
6;9;0.016751;1149508
6;6;0.016750;1149508
6;6;0.016751;1149508
6;6;0.016750;1149508
6;6;0.016750;1149508
6;6;0.016750;1149508
6;6;0.016750;1149508
6;2;0.016750;1149508
6;6;0.016751;1149508
6;6;0.016750;1149508
6;6;0.016750;1149508
6;7;0.016750;1149508
6;9;0.016750;1149508
6;6;0.016751;1149508
6;8;0.016750;1149508
6;6;0.016750;1149508
6;4;0.016750;1149508
6;6;0.016750;1149508
6;6;0.016750;1149508
6;6;0.016754;1149508
6;4;0.016751;1149508
6;8;0.016750;1149508
6;4;0.016751;1149508
6;6;0.016751;1149508
6;6;0.016750;1149508
6;6;0.016750;1149508
6;6;0.016750;1149508
6;6;0.016750;1149508
6;6;0.016751;1149508
6;6;0.016750;1149508
6;6;0.016750;1149508
6;6;0.016750;1149508
6;6;0.016750;1149508
6;6;0.016751;1149508
6;6;0.016750;1149508
6;6;0.016750;1149508
6;9;0.016750;1149508
6;6;0.016750;1149508
6;6;0.016750;1149508
6;6;0.016750;1149508
6;9;0.016750;1149508
6;6;0.016750;1149508
6;6;0.016751;1149508
6;9;0.016750;1149508
6;6;0.016750;1149508
6;8;0.016750;1149508
6;6;0.016772;1149508
6;6;0.016750;1149508
6;6;0.016750;1149508
6;6;0.016756;1149508
6;6;0.016751;1149508
6;8;0.016751;1149508
6;2;0.016750;1149508
6;6;0.016750;1149508
6;6;0.016755;1149508
6;4;0.016751;1149508
6;6;0.016750;1149508
6;6;0.016750;1149508
6;8;0.016751;1149508
6;6;0.016750;1149508
6;6;0.016750;1149508
6;2;0.016750;1149508
6;6;0.016750;1149508
6;6;0.016751;1149508
6;6;0.016752;1149508
6;6;0.016751;1149508
6;2;0.016752;1149508
6;9;0.016750;1149508
6;6;0.016750;1149508
6;6;0.016751;1149508
6;4;0.016750;1149508
6;2;0.016750;1149508
6;6;0.016750;1149508
6;2;0.016751;1149508
6;9;0.016751;1149508
6;2;0.016751;1149508
6;2;0.016750;1149508
6;6;0.016751;1149508
6;6;0.016751;1149508
6;6;0.016751;1149508
6;6;0.016750;1149508
6;6;0.016750;1149508
6;7;0.016750;1149508
6;2;0.016751;1149508
6;6;0.016750;1149508
6;6;0.016750;1149508
6;7;0.016750;1149508
6;7;0.016750;1149508
6;6;0.016751;1149508
6;9;0.016750;1149508
6;8;0.016750;1149508
6;2;0.016750;1149508
6;9;0.016750;1149508
6;6;0.016750;1149508
6;6;0.016750;1149508
6;6;0.016750;1149508
6;6;0.016750;1149508
6;6;0.016751;1149508
6;7;0.016750;1149508
6;6;0.016750;1149508
6;4;0.016750;1149508
6;6;0.016751;1149508
6;6;0.016750;1149508
6;8;0.016760;1149508
6;6;0.016750;1149508
6;6;0.016754;1149508
6;6;0.016750;1149508
6;2;0.016750;1149508
6;4;0.016750;1149508
6;6;0.016751;1149508
6;6;0.016750;1149508
6;6;0.016751;1149508
6;4;0.016751;1149508
6;4;0.016751;1149508
6;4;0.016750;1149508
6;4;0.016750;1149508
6;9;0.016755;1149508
6;2;0.016750;1149508
6;6;0.016750;1149508
6;6;0.016750;1149508
6;6;0.016750;1149508
6;9;0.016750;1149508
6;8;0.016751;1149508
6;4;0.016750;1149508
6;6;0.016755;1149508
6;6;0.016750;1149508
6;6;0.016750;1149508
6;6;0.016750;1149508
6;6;0.016750;1149508
6;6;0.016750;1149508
6;8;0.016750;1149508
6;6;0.016750;1149508
6;6;0.016750;1149508
6;6;0.016750;1149508
6;2;0.016750;1149508
6;6;0.016750;1149508
6;6;0.016750;1149508
6;6;0.016750;1149508
6;6;0.016750;1149508
6;6;0.016750;1149508
6;6;0.016750;1149508
6;6;0.016750;1149508
6;4;0.016750;1149508
6;3;0.016751;1149508
6;6;0.016750;1149508
6;6;0.016750;1149508
6;4;0.016750;1149508
6;9;0.016750;1149508
6;6;0.016750;1149508
6;6;0.016750;1149508
6;2;0.016750;1149508
6;4;0.016751;1149508
6;6;0.016751;1149508
6;6;0.016752;1149508
6;6;0.016751;1149508
6;6;0.016750;1149508
6;6;0.016750;1149508
6;6;0.016751;1149508
6;6;0.016751;1149508
6;6;0.016750;1149508
6;6;0.016750;1149508
6;6;0.016751;1149508
6;6;0.016750;1149508
6;2;0.016760;1149508
6;6;0.016751;1149508
6;6;0.016751;1149508
6;6;0.016750;1149508
6;6;0.016750;1149508
6;6;0.016751;1149508
6;6;0.016750;1149508
6;9;0.016750;1149508
6;6;0.016750;1149508
6;7;0.016750;1149508
6;6;0.016759;1149508
6;6;0.016750;1149508
6;6;0.016750;1149508
6;6;0.016750;1149508
6;6;0.016750;1149508
6;6;0.016750;1149508
6;6;0.016750;1149508
6;6;0.016750;1149508
6;6;0.016750;1149508
6;6;0.016750;1149508
6;6;0.016750;1149508
6;6;0.016750;1149508
6;6;0.016750;1149508
6;6;0.016750;1149508
6;6;0.016750;1149508
6;6;0.016750;1149508
6;2;0.016751;1149508
6;7;0.016750;1149508
6;8;0.016750;1149508
6;6;0.016751;1149508
6;6;0.016751;1149508
6;7;0.016750;1149508
6;6;0.016750;1149508
6;6;0.016750;1149508
6;4;0.016750;1149508
6;6;0.016750;1149508
6;4;0.016750;1149508
6;6;0.016750;1149508
6;6;0.016751;1149508
6;4;0.016750;1149508
6;6;0.016750;1149508
6;4;0.016750;1149508
6;4;0.016750;1149508
6;4;0.016751;1149508
6;6;0.016753;1149508
6;6;0.016751;1149508
6;6;0.016750;1149508
6;6;0.016750;1149508
6;6;0.016750;1149508
6;6;0.016750;1149508
6;6;0.016752;1149508
6;4;0.016751;1149508
6;9;0.016750;1149508
6;6;0.016751;1149508
6;6;0.016751;1149508
6;4;0.016753;1149508
6;6;0.016750;1149508
6;2;0.016750;1149508
6;4;0.016750;1149508
6;2;0.016750;1149508
6;6;0.016750;1149508
6;4;0.016750;1149508
6;6;0.016751;1149508
6;6;0.016750;1149508
6;6;0.016750;1149508
6;6;0.016750;1149508
6;6;0.016750;1149508
6;6;0.016750;1149508
6;6;0.016751;1149508
6;3;0.016750;1149508
6;6;0.016750;1149508
6;6;0.016750;1149508
6;9;0.016750;1149508
6;7;0.016750;1149508
6;2;0.016750;1149508
6;7;0.016750;1149508
6;6;0.016750;1149508
6;6;0.016750;1149508
6;9;0.016754;1149508
6;7;0.016750;1149508
6;9;0.016750;1149508
6;2;0.016750;1149508
6;4;0.016750;1149508
6;6;0.016750;1149508
6;6;0.016750;1149508
6;4;0.016751;1149508
6;2;0.016752;1149508
6;6;0.016750;1149508
6;6;0.016750;1149508
6;7;0.016750;1149508
6;2;0.016751;1149508
6;2;0.016750;1149508
6;6;0.016751;1149508
6;6;0.016750;1149508
6;6;0.016750;1149508
6;9;0.016750;1149508
6;3;0.016751;1149508
6;6;0.016750;1149508
6;8;0.016750;1149508
6;4;0.016751;1149508
6;7;0.016750;1149508
6;6;0.016750;1149508
6;6;0.016751;1149508
6;2;0.016751;1149508
6;6;0.016750;1149508
6;4;0.016750;1149508
6;9;0.016750;1149508
6;4;0.016750;1149508
6;6;0.016750;1149508
6;2;0.016750;1149508
6;4;0.016751;1149508
6;2;0.016753;1149508
6;6;0.016751;1149508
6;6;0.016750;1149508
7;7;0.016750;1149508
7;7;0.016750;1149508
7;4;0.016750;1149508
7;7;0.016751;1149508
7;9;0.016751;1149508
7;4;0.016750;1149508
7;7;0.016750;1149508
7;8;0.016750;1149508
7;7;0.016750;1149508
7;7;0.016750;1149508
7;7;0.016750;1149508
7;7;0.016751;1149508
7;7;0.016751;1149508
7;7;0.016751;1149508
7;2;0.016751;1149508
7;3;0.016751;1149508
7;7;0.016750;1149508
7;9;0.016750;1149508
7;7;0.016750;1149508
7;7;0.016750;1149508
7;9;0.016750;1149508
7;7;0.016750;1149508
7;7;0.016750;1149508
7;7;0.016750;1149508
7;7;0.016750;1149508
7;7;0.016750;1149508
7;7;0.016750;1149508
7;7;0.016750;1149508
7;3;0.016750;1149508
7;9;0.016750;1149508
7;4;0.016750;1149508
7;3;0.016750;1149508
7;4;0.016750;1149508
7;8;0.016750;1149508
7;7;0.016750;1149508
7;1;0.016750;1149508
7;3;0.016750;1149508
7;3;0.016750;1149508
7;7;0.016750;1149508
7;2;0.016750;1149508
7;9;0.016751;1149508
7;2;0.016750;1149508
7;7;0.016751;1149508
7;9;0.016751;1149508
7;7;0.016750;1149508
7;7;0.016750;1149508
7;7;0.016750;1149508
7;7;0.016750;1149508
7;7;0.016750;1149508
7;7;0.016750;1149508
7;7;0.016750;1149508
7;9;0.016750;1149508
7;7;0.016750;1149508
7;9;0.016750;1149508
7;7;0.016750;1149508
7;7;0.016750;1149508
7;4;0.016750;1149508
7;7;0.016751;1149508
7;7;0.016750;1149508
7;3;0.016751;1149508
7;7;0.016750;1149508
7;9;0.016751;1149508
7;7;0.016750;1149508
7;9;0.016750;1149508
7;7;0.016751;1149508
7;7;0.016750;1149508
7;7;0.016750;1149508
7;7;0.016750;1149508
7;7;0.016750;1149508
7;9;0.016751;1149508
7;7;0.016751;1149508
7;9;0.016750;1149508
7;7;0.016750;1149508
7;7;0.016750;1149508
7;7;0.016750;1149508
7;7;0.016750;1149508
7;7;0.016750;1149508
7;9;0.016750;1149508
7;7;0.016750;1149508
7;7;0.016751;1149508
7;7;0.016750;1149508
7;7;0.016750;1149508
7;2;0.016751;1149508
7;7;0.016750;1149508
7;7;0.016750;1149508
7;3;0.016750;1149508
7;9;0.016750;1149508
7;7;0.016750;1149508
7;7;0.016750;1149508
7;9;0.016751;1149508
7;4;0.016750;1149508
7;4;0.016751;1149508
7;7;0.016750;1149508
7;9;0.016751;1149508
7;7;0.016751;1149508
7;7;0.016750;1149508
7;7;0.016751;1149508
7;3;0.016750;1149508
7;7;0.016751;1149508
7;7;0.016750;1149508
7;3;0.016750;1149508
7;9;0.016750;1149508
7;7;0.016750;1149508
7;7;0.016750;1149508
7;7;0.016750;1149508
7;9;0.016755;1149508
7;7;0.016751;1149508
7;4;0.016750;1149508
7;7;0.016751;1149508
7;7;0.016750;1149508
7;7;0.016751;1149508
7;7;0.016751;1149508
7;9;0.016750;1149508
7;7;0.016751;1149508
7;7;0.016750;1149508
7;7;0.016750;1149508
7;7;0.016750;1149508
7;8;0.016750;1149508
7;9;0.016750;1149508
7;8;0.016751;1149508
7;7;0.016750;1149508
7;9;0.016750;1149508
7;9;0.016750;1149508
7;1;0.016751;1149508
7;6;0.016750;1149508
7;7;0.016751;1149508
7;9;0.016750;1149508
7;7;0.016751;1149508
7;7;0.016750;1149508
7;7;0.016750;1149508
7;9;0.016750;1149508
7;7;0.016750;1149508
7;7;0.016750;1149508
7;7;0.016750;1149508
7;7;0.016750;1149508
7;9;0.016750;1149508
7;7;0.016750;1149508
7;7;0.016751;1149508
7;7;0.016750;1149508
7;7;0.016750;1149508
7;7;0.016750;1149508
7;7;0.016750;1149508
7;7;0.016751;1149508
7;7;0.016750;1149508
7;7;0.016750;1149508
7;7;0.016750;1149508
7;7;0.016751;1149508
7;7;0.016752;1149508
7;7;0.016752;1149508
7;7;0.016754;1149508
7;7;0.016750;1149508
7;7;0.016750;1149508
7;9;0.016751;1149508
7;7;0.016750;1149508
7;7;0.016750;1149508
7;7;0.016750;1149508
7;7;0.016750;1149508
7;7;0.016751;1149508
7;7;0.016750;1149508
7;9;0.016750;1149508
7;7;0.016751;1149508
7;7;0.016750;1149508
7;7;0.016750;1149508
7;7;0.016750;1149508
7;7;0.016751;1149508
7;7;0.016750;1149508
7;4;0.016751;1149508
7;7;0.016750;1149508
7;9;0.016750;1149508
7;7;0.016750;1149508
7;7;0.016750;1149508
7;7;0.016750;1149508
7;7;0.016759;1149508
7;7;0.016750;1149508
7;7;0.016750;1149508
7;9;0.016750;1149508
7;7;0.016750;1149508
7;7;0.016750;1149508
7;7;0.016750;1149508
7;9;0.016751;1149508
7;7;0.016750;1149508
7;4;0.016750;1149508
7;4;0.016751;1149508
7;7;0.016750;1149508
7;7;0.016750;1149508
7;7;0.016750;1149508
7;7;0.016750;1149508
7;7;0.016751;1149508
7;2;0.016751;1149508
7;7;0.016750;1149508
7;7;0.016750;1149508
7;7;0.016750;1149508
7;7;0.016750;1149508
7;7;0.016750;1149508
7;2;0.016750;1149508
7;7;0.016750;1149508
7;7;0.016750;1149508
7;3;0.016750;1149508
7;7;0.016750;1149508
7;9;0.016750;1149508
7;7;0.016751;1149508
7;7;0.016751;1149508
7;7;0.016751;1149508
7;2;0.016750;1149508
7;4;0.016750;1149508
7;7;0.016750;1149508
7;4;0.016750;1149508
7;9;0.016751;1149508
7;7;0.016751;1149508
7;7;0.016751;1149508
7;9;0.016750;1149508
7;9;0.016750;1149508
7;4;0.016750;1149508
7;4;0.016750;1149508
7;7;0.016752;1149508
7;7;0.016750;1149508
7;7;0.016755;1149508
7;7;0.016750;1149508
7;7;0.016751;1149508
7;9;0.016750;1149508
7;7;0.016750;1149508
7;7;0.016750;1149508
7;9;0.016751;1149508
7;7;0.016750;1149508
7;4;0.016750;1149508
7;7;0.016750;1149508
7;7;0.016750;1149508
7;7;0.016751;1149508
7;7;0.016750;1149508
7;7;0.016750;1149508
7;7;0.016750;1149508
7;7;0.016751;1149508
7;9;0.016759;1149508
7;7;0.016750;1149508
7;7;0.016760;1149508
7;7;0.016751;1149508
7;7;0.016751;1149508
7;7;0.016750;1149508
7;9;0.016750;1149508
7;7;0.016750;1149508
7;9;0.016751;1149508
7;9;0.016750;1149508
7;7;0.016750;1149508
7;7;0.016750;1149508
7;7;0.016750;1149508
7;3;0.016750;1149508
7;7;0.016750;1149508
7;7;0.016751;1149508
7;7;0.016750;1149508
7;7;0.016750;1149508
7;7;0.016750;1149508
7;7;0.016750;1149508
7;3;0.016750;1149508
7;4;0.016750;1149508
7;9;0.016750;1149508
7;7;0.016750;1149508
7;7;0.016750;1149508
7;7;0.016750;1149508
7;7;0.016750;1149508
7;7;0.016751;1149508
7;7;0.016750;1149508
7;7;0.016750;1149508
7;7;0.016750;1149508
7;7;0.016750;1149508
7;7;0.016750;1149508
7;7;0.016750;1149508
7;7;0.016750;1149508
7;7;0.016752;1149508
7;7;0.016750;1149508
7;7;0.016750;1149508
7;4;0.016750;1149508
7;7;0.016751;1149508
7;3;0.016751;1149508
7;9;0.016753;1149508
7;9;0.016750;1149508
7;9;0.016759;1149508
7;7;0.016751;1149508
7;7;0.016751;1149508
7;7;0.016750;1149508
7;7;0.016751;1149508
7;7;0.016750;1149508
7;9;0.016750;1149508
7;7;0.016750;1149508
7;7;0.016751;1149508
7;7;0.016751;1149508
7;7;0.016750;1149508
7;1;0.016751;1149508
7;7;0.016751;1149508
7;7;0.016750;1149508
7;7;0.016750;1149508
7;7;0.016750;1149508
7;7;0.016751;1149508
7;7;0.016750;1149508
7;7;0.016754;1149508
7;9;0.016750;1149508
7;7;0.016751;1149508
7;2;0.016750;1149508
7;7;0.016750;1149508
7;7;0.016750;1149508
7;4;0.016751;1149508
7;4;0.016750;1149508
7;9;0.016750;1149508
7;2;0.016750;1149508
7;7;0.016750;1149508
7;7;0.016751;1149508
7;7;0.016750;1149508
7;9;0.016750;1149508
7;4;0.016750;1149508
7;7;0.016750;1149508
7;7;0.016751;1149508
7;7;0.016750;1149508
7;7;0.016750;1149508
7;7;0.016750;1149508
7;7;0.016750;1149508
7;9;0.016750;1149508
7;4;0.016750;1149508
7;7;0.016750;1149508
7;9;0.016750;1149508
7;7;0.016760;1149508
7;7;0.016750;1149508
7;7;0.016753;1149508
7;7;0.016750;1149508
7;9;0.016750;1149508
7;7;0.016751;1149508
7;7;0.016750;1149508
7;7;0.016751;1149508
7;7;0.016750;1149508
7;8;0.016751;1149508
7;7;0.016751;1149508
7;3;0.016750;1149508
7;7;0.016750;1149508
7;4;0.016750;1149508
7;9;0.016750;1149508
7;3;0.016750;1149508
7;7;0.016750;1149508
7;7;0.016750;1149508
7;7;0.016751;1149508
7;7;0.016751;1149508
7;7;0.016750;1149508
7;7;0.016750;1149508
7;1;0.016750;1149508
7;7;0.016751;1149508
7;7;0.016750;1149508
7;4;0.016751;1149508
7;7;0.016750;1149508
7;7;0.016750;1149508
7;7;0.016751;1149508
7;4;0.016750;1149508
7;7;0.016751;1149508
7;7;0.016750;1149508
7;7;0.016750;1149508
7;7;0.016750;1149508
7;7;0.016750;1149508
7;7;0.016751;1149508
7;7;0.016750;1149508
7;7;0.016750;1149508
7;9;0.016750;1149508
7;7;0.016750;1149508
7;7;0.016751;1149508
7;7;0.016751;1149508
7;7;0.016751;1149508
7;7;0.016750;1149508
7;7;0.016751;1149508
7;7;0.016751;1149508
7;7;0.016751;1149508
7;7;0.016751;1149508
7;7;0.016751;1149508
7;9;0.016750;1149508
7;7;0.016750;1149508
7;7;0.016750;1149508
7;7;0.016750;1149508
7;4;0.016751;1149508
7;7;0.016750;1149508
7;7;0.016750;1149508
7;7;0.016750;1149508
7;3;0.016750;1149508
7;7;0.016750;1149508
7;7;0.016757;1149508
7;7;0.016750;1149508
7;9;0.016750;1149508
7;9;0.016750;1149508
7;9;0.016751;1149508
7;4;0.016750;1149508
7;7;0.016750;1149508
7;7;0.016750;1149508
7;7;0.016751;1149508
7;7;0.016751;1149508
7;7;0.016751;1149508
7;7;0.016750;1149508
7;7;0.016750;1149508
7;7;0.016750;1149508
7;7;0.016750;1149508
7;3;0.016750;1149508
7;7;0.016750;1149508
7;7;0.016750;1149508
7;7;0.016752;1149508
7;8;0.016750;1149508
7;9;0.016751;1149508
7;7;0.016750;1149508
7;7;0.016750;1149508
7;7;0.016750;1149508
7;7;0.016750;1149508
7;7;0.016751;1149508
7;7;0.016751;1149508
7;7;0.016751;1149508
7;7;0.016750;1149508
7;7;0.016750;1149508
7;7;0.016750;1149508
7;9;0.016750;1149508
7;9;0.016751;1149508
7;7;0.016750;1149508
7;7;0.016750;1149508
7;2;0.016750;1149508
7;9;0.016750;1149508
7;7;0.016750;1149508
7;7;0.016750;1149508
7;7;0.016751;1149508
7;7;0.016750;1149508
7;7;0.016752;1149508
7;4;0.016751;1149508
7;9;0.016751;1149508
7;7;0.016750;1149508
7;7;0.016750;1149508
7;8;0.016751;1149508
7;7;0.016751;1149508
7;7;0.016750;1149508
7;7;0.016750;1149508
7;7;0.016750;1149508
7;4;0.016751;1149508
7;7;0.016751;1149508
7;7;0.016750;1149508
7;9;0.016750;1149508
7;7;0.016750;1149508
7;7;0.016751;1149508
7;2;0.016750;1149508
7;7;0.016751;1149508
7;7;0.016750;1149508
7;7;0.016750;1149508
7;7;0.016750;1149508
7;7;0.016750;1149508
7;3;0.016751;1149508
7;0;0.016750;1149508
7;7;0.016750;1149508
7;9;0.016751;1149508
7;7;0.016750;1149508
7;7;0.016750;1149508
7;7;0.016752;1149508
7;7;0.016750;1149508
7;1;0.016750;1149508
7;7;0.016750;1149508
7;7;0.016751;1149508
7;7;0.016750;1149508
7;7;0.016751;1149508
7;7;0.016751;1149508
7;7;0.016759;1149508
7;7;0.016750;1149508
7;7;0.016751;1149508
7;7;0.016750;1149508
7;7;0.016751;1149508
7;7;0.016751;1149508
7;7;0.016750;1149508
7;7;0.016750;1149508
7;7;0.016750;1149508
7;7;0.016750;1149508
7;7;0.016750;1149508
7;7;0.016750;1149508
7;7;0.016750;1149508
7;7;0.016750;1149508
7;7;0.016751;1149508
7;7;0.016751;1149508
7;9;0.016750;1149508
7;7;0.016750;1149508
7;7;0.016750;1149508
7;7;0.016750;1149508
7;7;0.016750;1149508
7;7;0.016750;1149508
7;7;0.016750;1149508
7;7;0.016750;1149508
7;7;0.016750;1149508
7;2;0.016751;1149508
7;9;0.016753;1149508
7;7;0.016751;1149508
7;7;0.016750;1149508
7;7;0.016760;1149508
7;7;0.016750;1149508
7;7;0.016751;1149508
7;7;0.016750;1149508
7;7;0.016750;1149508
7;7;0.016751;1149508
7;7;0.016750;1149508
7;7;0.016751;1149508
7;7;0.016750;1149508
7;9;0.016751;1149508
7;7;0.016750;1149508
7;7;0.016750;1149508
7;7;0.016750;1149508
7;7;0.016750;1149508
7;7;0.016750;1149508
7;7;0.016751;1149508
7;7;0.016750;1149508
7;7;0.016750;1149508
7;7;0.016751;1149508
7;7;0.016755;1149508
7;7;0.016750;1149508
7;7;0.016750;1149508
7;7;0.016751;1149508
7;9;0.016750;1149508
7;9;0.016750;1149508
7;9;0.016750;1149508
7;9;0.016750;1149508
7;9;0.016750;1149508
7;7;0.016750;1149508
7;7;0.016750;1149508
7;7;0.016750;1149508
7;7;0.016750;1149508
7;7;0.016750;1149508
7;7;0.016750;1149508
7;7;0.016750;1149508
7;7;0.016750;1149508
7;9;0.016750;1149508
7;9;0.016751;1149508
7;9;0.016751;1149508
7;9;0.016750;1149508
7;9;0.016750;1149508
7;9;0.016751;1149508
7;7;0.016751;1149508
7;9;0.016750;1149508
7;7;0.016750;1149508
7;7;0.016750;1149508
7;9;0.016751;1149508
7;9;0.016750;1149508
7;9;0.016750;1149508
7;7;0.016751;1149508
7;7;0.016750;1149508
7;7;0.016750;1149508
7;7;0.016750;1149508
7;7;0.016750;1149508
7;7;0.016750;1149508
7;7;0.016750;1149508
7;7;0.016751;1149508
7;7;0.016750;1149508
7;2;0.016751;1149508
7;7;0.016750;1149508
7;7;0.016750;1149508
7;7;0.016750;1149508
7;9;0.016751;1149508
7;7;0.016750;1149508
7;4;0.016750;1149508
7;2;0.016750;1149508
7;9;0.016750;1149508
7;4;0.016750;1149508
7;9;0.016750;1149508
7;7;0.016750;1149508
7;9;0.016751;1149508
7;7;0.016751;1149508
7;7;0.016751;1149508
7;7;0.016751;1149508
7;7;0.016750;1149508
7;7;0.016750;1149508
7;7;0.016750;1149508
7;9;0.016750;1149508
7;4;0.016750;1149508
7;9;0.016750;1149508
7;4;0.016750;1149508
7;4;0.016751;1149508
7;7;0.016750;1149508
7;7;0.016750;1149508
7;7;0.016750;1149508
7;7;0.016750;1149508
7;7;0.016750;1149508
7;7;0.016750;1149508
7;7;0.016750;1149508
7;7;0.016750;1149508
7;7;0.016750;1149508
7;7;0.016750;1149508
7;7;0.016750;1149508
7;7;0.016752;1149508
7;7;0.016750;1149508
7;7;0.016750;1149508
7;7;0.016750;1149508
7;7;0.016751;1149508
7;7;0.016751;1149508
7;7;0.016751;1149508
7;7;0.016751;1149508
7;7;0.016751;1149508
7;9;0.016751;1149508
7;7;0.016750;1149508
7;7;0.016750;1149508
7;7;0.016751;1149508
7;7;0.016750;1149508
7;7;0.016750;1149508
7;7;0.016750;1149508
7;7;0.016750;1149508
7;7;0.016750;1149508
7;7;0.016750;1149508
7;7;0.016750;1149508
7;7;0.016750;1149508
7;7;0.016750;1149508
7;7;0.016750;1149508
7;7;0.016750;1149508
7;7;0.016750;1149508
7;7;0.016750;1149508
7;7;0.016751;1149508
7;7;0.016750;1149508
7;7;0.016750;1149508
7;7;0.016750;1149508
7;7;0.016751;1149508
7;7;0.016750;1149508
7;7;0.016750;1149508
7;9;0.016750;1149508
7;9;0.016750;1149508
7;7;0.016750;1149508
7;9;0.016750;1149508
7;7;0.016750;1149508
7;7;0.016750;1149508
7;7;0.016750;1149508
7;7;0.016750;1149508
7;7;0.016750;1149508
7;7;0.016750;1149508
7;7;0.016750;1149508
7;7;0.016750;1149508
7;7;0.016750;1149508
7;7;0.016750;1149508
7;4;0.016751;1149508
7;7;0.016750;1149508
7;7;0.016750;1149508
7;7;0.016750;1149508
7;9;0.016751;1149508
7;7;0.016751;1149508
7;9;0.016750;1149508
7;7;0.016750;1149508
7;7;0.016750;1149508
7;7;0.016759;1149508
7;7;0.016751;1149508
7;9;0.016755;1149508
7;7;0.016750;1149508
7;7;0.016754;1149508
7;7;0.016750;1149508
7;3;0.016750;1149508
7;7;0.016750;1149508
7;7;0.016750;1149508
7;7;0.016750;1149508
7;7;0.016750;1149508
7;7;0.016750;1149508
7;7;0.016750;1149508
7;7;0.016750;1149508
7;7;0.016750;1149508
7;4;0.016750;1149508
7;7;0.016750;1149508
7;7;0.016751;1149508
7;7;0.016750;1149508
7;8;0.016751;1149508
7;7;0.016750;1149508
7;8;0.016751;1149508
7;7;0.016750;1149508
7;7;0.016751;1149508
7;7;0.016750;1149508
7;7;0.016750;1149508
7;7;0.016750;1149508
7;4;0.016751;1149508
7;7;0.016750;1149508
7;7;0.016750;1149508
7;7;0.016750;1149508
7;7;0.016750;1149508
7;7;0.016750;1149508
7;7;0.016751;1149508
7;7;0.016751;1149508
7;7;0.016750;1149508
7;7;0.016751;1149508
7;7;0.016750;1149508
7;7;0.016750;1149508
7;2;0.016751;1149508
7;7;0.016750;1149508
7;7;0.016751;1149508
7;7;0.016750;1149508
7;7;0.016750;1149508
7;7;0.016750;1149508
7;7;0.016750;1149508
7;7;0.016750;1149508
7;7;0.016751;1149508
7;7;0.016750;1149508
7;7;0.016751;1149508
7;7;0.016750;1149508
7;7;0.016750;1149508
7;7;0.016750;1149508
7;7;0.016750;1149508
7;7;0.016750;1149508
7;7;0.016750;1149508
7;7;0.016750;1149508
7;7;0.016750;1149508
7;7;0.016752;1149508
7;7;0.016751;1149508
7;7;0.016750;1149508
7;7;0.016750;1149508
7;7;0.016750;1149508
7;7;0.016750;1149508
7;7;0.016750;1149508
7;7;0.016750;1149508
7;7;0.016750;1149508
7;7;0.016750;1149508
7;7;0.016751;1149508
7;7;0.016751;1149508
7;7;0.016751;1149508
7;7;0.016750;1149508
7;3;0.016750;1149508
7;7;0.016750;1149508
7;7;0.016750;1149508
7;7;0.016750;1149508
7;9;0.016754;1149508
7;7;0.016750;1149508
7;7;0.016750;1149508
7;7;0.016750;1149508
7;7;0.016750;1149508
7;7;0.016750;1149508
7;7;0.016751;1149508
7;7;0.016750;1149508
7;7;0.016750;1149508
7;7;0.016750;1149508
7;7;0.016750;1149508
7;7;0.016750;1149508
7;7;0.016754;1149508
7;7;0.016751;1149508
7;7;0.016750;1149508
7;7;0.016751;1149508
7;2;0.016750;1149508
7;7;0.016750;1149508
7;7;0.016750;1149508
7;9;0.016750;1149508
7;7;0.016750;1149508
7;7;0.016750;1149508
7;7;0.016751;1149508
7;7;0.016751;1149508
7;7;0.016750;1149508
7;4;0.016750;1149508
7;9;0.016750;1149508
7;7;0.016759;1149508
7;7;0.016751;1149508
7;7;0.016750;1149508
7;7;0.016750;1149508
7;7;0.016751;1149508
7;4;0.016750;1149508
7;4;0.016750;1149508
7;7;0.016750;1149508
7;7;0.016750;1149508
7;7;0.016750;1149508
7;7;0.016750;1149508
7;7;0.016750;1149508
7;7;0.016751;1149508
7;7;0.016750;1149508
7;8;0.016750;1149508
7;7;0.016751;1149508
7;7;0.016751;1149508
7;7;0.016751;1149508
7;7;0.016750;1149508
7;7;0.016751;1149508
7;7;0.016750;1149508
7;7;0.016750;1149508
7;4;0.016750;1149508
7;7;0.016750;1149508
7;7;0.016750;1149508
7;7;0.016750;1149508
7;7;0.016750;1149508
7;7;0.016751;1149508
7;7;0.016750;1149508
7;7;0.016750;1149508
7;7;0.016750;1149508
7;7;0.016751;1149508
7;7;0.016750;1149508
7;7;0.016750;1149508
7;7;0.016750;1149508
7;7;0.016750;1149508
7;7;0.016750;1149508
7;7;0.016750;1149508
7;7;0.016751;1149508
7;8;0.016750;1149508
7;7;0.016750;1149508
7;7;0.016750;1149508
7;7;0.016750;1149508
7;8;0.016750;1149508
7;7;0.016750;1149508
7;7;0.016751;1149508
7;7;0.016751;1149508
7;7;0.016750;1149508
7;7;0.016751;1149508
7;7;0.016750;1149508
7;7;0.016750;1149508
7;7;0.016750;1149508
7;7;0.016750;1149508
7;9;0.016750;1149508
7;2;0.016750;1149508
7;7;0.016750;1149508
7;7;0.016750;1149508
7;7;0.016750;1149508
7;7;0.016750;1149508
7;7;0.016755;1149508
7;7;0.016750;1149508
7;7;0.016759;1149508
7;7;0.016750;1149508
7;7;0.016751;1149508
7;7;0.016751;1149508
7;7;0.016750;1149508
7;7;0.016750;1149508
7;7;0.016750;1149508
7;7;0.016750;1149508
7;7;0.016751;1149508
7;7;0.016750;1149508
7;7;0.016750;1149508
7;7;0.016750;1149508
7;7;0.016750;1149508
7;9;0.016751;1149508
7;8;0.016750;1149508
7;7;0.016751;1149508
7;7;0.016753;1149508
7;7;0.016750;1149508
7;7;0.016751;1149508
7;7;0.016751;1149508
7;7;0.016750;1149508
7;7;0.016751;1149508
7;7;0.016750;1149508
7;4;0.016750;1149508
7;7;0.016750;1149508
7;7;0.016750;1149508
7;7;0.016750;1149508
7;7;0.016750;1149508
7;4;0.016750;1149508
7;7;0.016751;1149508
7;7;0.016751;1149508
7;7;0.016751;1149508
7;7;0.016750;1149508
7;9;0.016751;1149508
7;7;0.016750;1149508
7;7;0.016750;1149508
7;7;0.016750;1149508
7;7;0.016750;1149508
7;7;0.016750;1149508
7;7;0.016751;1149508
7;7;0.016750;1149508
7;7;0.016750;1149508
7;7;0.016751;1149508
7;7;0.016753;1149508
7;7;0.016750;1149508
7;7;0.016753;1149508
7;7;0.016750;1149508
7;7;0.016750;1149508
7;7;0.016750;1149508
7;7;0.016750;1149508
7;7;0.016750;1149508
7;7;0.016751;1149508
7;7;0.016750;1149508
7;7;0.016751;1149508
7;7;0.016750;1149508
7;7;0.016750;1149508
7;7;0.016750;1149508
7;7;0.016751;1149508
7;7;0.016750;1149508
7;7;0.016750;1149508
7;7;0.016751;1149508
7;7;0.016750;1149508
7;7;0.016750;1149508
7;7;0.016750;1149508
7;7;0.016750;1149508
7;7;0.016750;1149508
7;9;0.016750;1149508
7;7;0.016750;1149508
7;7;0.016751;1149508
7;7;0.016750;1149508
7;7;0.016750;1149508
7;7;0.016751;1149508
7;7;0.016750;1149508
7;7;0.016750;1149508
7;7;0.016751;1149508
7;7;0.016753;1149508
7;7;0.016750;1149508
7;7;0.016751;1149508
7;7;0.016751;1149508
7;7;0.016753;1149508
7;7;0.016750;1149508
7;7;0.016750;1149508
7;7;0.016750;1149508
7;7;0.016750;1149508
7;7;0.016750;1149508
7;7;0.016750;1149508
7;7;0.016750;1149508
7;7;0.016750;1149508
7;7;0.016750;1149508
7;7;0.016750;1149508
7;7;0.016750;1149508
7;7;0.016751;1149508
7;7;0.016750;1149508
7;7;0.016750;1149508
7;7;0.016750;1149508
7;7;0.016750;1149508
7;7;0.016750;1149508
7;7;0.016750;1149508
7;7;0.016750;1149508
7;7;0.016751;1149508
7;7;0.016750;1149508
7;4;0.016750;1149508
7;7;0.016750;1149508
7;7;0.016750;1149508
7;7;0.016750;1149508
7;8;0.016751;1149508
7;7;0.016750;1149508
7;7;0.016750;1149508
7;2;0.016760;1149508
7;7;0.016750;1149508
7;9;0.016753;1149508
7;2;0.016750;1149508
7;9;0.016752;1149508
7;2;0.016750;1149508
7;7;0.016750;1149508
7;7;0.016750;1149508
7;7;0.016750;1149508
7;7;0.016750;1149508
7;7;0.016751;1149508
7;7;0.016750;1149508
7;7;0.016751;1149508
7;7;0.016750;1149508
7;7;0.016750;1149508
7;7;0.016750;1149508
7;4;0.016750;1149508
7;7;0.016756;1149508
7;7;0.016751;1149508
7;7;0.016751;1149508
7;7;0.016754;1149508
7;7;0.016750;1149508
7;7;0.016750;1149508
7;4;0.016750;1149508
7;7;0.016750;1149508
7;7;0.016750;1149508
7;7;0.016751;1149508
7;7;0.016750;1149508
7;7;0.016750;1149508
7;7;0.016750;1149508
7;7;0.016750;1149508
7;7;0.016750;1149508
7;7;0.016751;1149508
7;7;0.016750;1149508
7;7;0.016751;1149508
7;7;0.016750;1149508
7;7;0.016760;1149508
7;4;0.016750;1149508
7;7;0.016759;1149508
7;7;0.016750;1149508
7;7;0.016751;1149508
7;7;0.016751;1149508
7;7;0.016750;1149508
7;7;0.016750;1149508
7;7;0.016750;1149508
7;7;0.016750;1149508
7;7;0.016751;1149508
7;7;0.016751;1149508
7;7;0.016750;1149508
7;7;0.016750;1149508
7;7;0.016750;1149508
7;7;0.016750;1149508
7;7;0.016750;1149508
7;9;0.016750;1149508
7;7;0.016750;1149508
7;7;0.016750;1149508
7;9;0.016750;1149508
7;7;0.016911;1149508
7;7;0.016752;1149508
7;7;0.016750;1149508
7;7;0.016750;1149508
7;8;0.016750;1149508
7;7;0.016750;1149508
7;7;0.016750;1149508
7;4;0.016750;1149508
7;9;0.016750;1149508
7;7;0.016750;1149508
7;7;0.016750;1149508
7;2;0.016750;1149508
7;7;0.016750;1149508
7;7;0.016750;1149508
7;7;0.016750;1149508
7;7;0.016750;1149508
7;7;0.016750;1149508
7;7;0.016751;1149508
7;7;0.016750;1149508
7;7;0.016750;1149508
7;7;0.016750;1149508
7;7;0.016750;1149508
7;7;0.016750;1149508
7;9;0.016751;1149508
7;7;0.016750;1149508
7;9;0.016750;1149508
7;7;0.016750;1149508
7;7;0.016750;1149508
7;7;0.016750;1149508
7;7;0.016751;1149508
7;7;0.016751;1149508
7;7;0.016750;1149508
7;7;0.016750;1149508
7;7;0.016750;1149508
7;7;0.016750;1149508
7;7;0.016750;1149508
7;7;0.016750;1149508
7;7;0.016751;1149508
7;7;0.016750;1149508
7;7;0.016750;1149508
7;7;0.016751;1149508
7;7;0.016751;1149508
7;7;0.016750;1149508
7;7;0.016750;1149508
7;7;0.016750;1149508
7;7;0.016752;1149508
7;7;0.016750;1149508
7;7;0.016750;1149508
7;7;0.016751;1149508
7;7;0.016750;1149508
7;7;0.016751;1149508
7;7;0.016751;1149508
7;9;0.016750;1149508
7;7;0.016750;1149508
7;7;0.016751;1149508
7;7;0.016750;1149508
7;7;0.016750;1149508
7;7;0.016750;1149508
7;7;0.016750;1149508
7;7;0.016750;1149508
7;7;0.016751;1149508
7;7;0.016752;1149508
7;7;0.016751;1149508
7;7;0.016755;1149508
7;7;0.016751;1149508
7;7;0.016750;1149508
7;7;0.016750;1149508
8;3;0.016750;1149508
8;8;0.016750;1149508
8;3;0.016750;1149508
8;8;0.016751;1149508
8;8;0.016750;1149508
8;8;0.016750;1149508
8;7;0.016750;1149508
8;8;0.016750;1149508
8;8;0.016750;1149508
8;3;0.016751;1149508
8;4;0.016750;1149508
8;8;0.016751;1149508
8;1;0.016751;1149508
8;9;0.016755;1149508
8;8;0.016750;1149508
8;9;0.016750;1149508
8;7;0.016750;1149508
8;8;0.016750;1149508
8;4;0.016751;1149508
8;0;0.016751;1149508
8;8;0.016750;1149508
8;3;0.016752;1149508
8;8;0.016750;1149508
8;8;0.016750;1149508
8;3;0.016750;1149508
8;3;0.016750;1149508
8;8;0.016751;1149508
8;8;0.016750;1149508
8;8;0.016750;1149508
8;8;0.016750;1149508
8;8;0.016751;1149508
8;8;0.016750;1149508
8;8;0.016751;1149508
8;4;0.016751;1149508
8;8;0.016750;1149508
8;8;0.016750;1149508
8;8;0.016750;1149508
8;8;0.016750;1149508
8;8;0.016750;1149508
8;8;0.016750;1149508
8;7;0.016750;1149508
8;8;0.016750;1149508
8;8;0.016750;1149508
8;3;0.016750;1149508
8;8;0.016750;1149508
8;7;0.016750;1149508
8;4;0.016751;1149508
8;1;0.016750;1149508
8;2;0.016750;1149508
8;8;0.016750;1149508
8;8;0.016750;1149508
8;8;0.016750;1149508
8;8;0.016750;1149508
8;8;0.016750;1149508
8;3;0.016750;1149508
8;8;0.016750;1149508
8;8;0.016750;1149508
8;8;0.016750;1149508
8;7;0.016750;1149508
8;3;0.016750;1149508
8;8;0.016751;1149508
8;8;0.016750;1149508
8;8;0.016750;1149508
8;9;0.016750;1149508
8;8;0.016750;1149508
8;8;0.016751;1149508
8;9;0.016751;1149508
8;1;0.016750;1149508
8;2;0.016750;1149508
8;9;0.016752;1149508
8;8;0.016751;1149508
8;7;0.016750;1149508
8;8;0.016750;1149508
8;8;0.016750;1149508
8;8;0.016750;1149508
8;4;0.016750;1149508
8;8;0.016750;1149508
8;1;0.016750;1149508
8;8;0.016751;1149508
8;0;0.016751;1149508
8;8;0.016750;1149508
8;8;0.016750;1149508
8;8;0.016750;1149508
8;8;0.016750;1149508
8;4;0.016751;1149508
8;4;0.016750;1149508
8;7;0.016750;1149508
8;9;0.016750;1149508
8;8;0.016751;1149508
8;8;0.016750;1149508
8;3;0.016750;1149508
8;9;0.016750;1149508
8;8;0.016750;1149508
8;8;0.016750;1149508
8;7;0.016750;1149508
8;3;0.016750;1149508
8;8;0.016751;1149508
8;3;0.016751;1149508
8;8;0.016750;1149508
8;2;0.016750;1149508
8;8;0.016750;1149508
8;3;0.016751;1149508
8;8;0.016751;1149508
8;8;0.016750;1149508
8;0;0.016750;1149508
8;3;0.016750;1149508
8;6;0.016750;1149508
8;8;0.016750;1149508
8;2;0.016751;1149508
8;7;0.016750;1149508
8;8;0.016751;1149508
8;4;0.016750;1149508
8;7;0.016750;1149508
8;8;0.016750;1149508
8;8;0.016750;1149508
8;8;0.016750;1149508
8;8;0.016750;1149508
8;9;0.016750;1149508
8;9;0.016750;1149508
8;8;0.016750;1149508
8;8;0.016750;1149508
8;8;0.016750;1149508
8;8;0.016750;1149508
8;8;0.016750;1149508
8;8;0.016751;1149508
8;8;0.016750;1149508
8;8;0.016750;1149508
8;8;0.016750;1149508
8;8;0.016750;1149508
8;4;0.016750;1149508
8;8;0.016751;1149508
8;3;0.016750;1149508
8;8;0.016785;1149508
8;3;0.016751;1149508
8;8;0.016750;1149508
8;8;0.016750;1149508
8;8;0.016751;1149508
8;9;0.016750;1149508
8;8;0.016750;1149508
8;3;0.016750;1149508
8;8;0.016751;1149508
8;8;0.016751;1149508
8;8;0.016750;1149508
8;3;0.016750;1149508
8;7;0.016750;1149508
8;8;0.016750;1149508
8;3;0.016750;1149508
8;8;0.016753;1149508
8;8;0.016750;1149508
8;8;0.016750;1149508
8;8;0.016751;1149508
8;8;0.016750;1149508
8;8;0.016750;1149508
8;2;0.016750;1149508
8;6;0.016750;1149508
8;3;0.016750;1149508
8;3;0.016750;1149508
8;8;0.016750;1149508
8;8;0.016750;1149508
8;9;0.016750;1149508
8;3;0.016750;1149508
8;8;0.016750;1149508
8;8;0.016750;1149508
8;3;0.016755;1149508
8;8;0.016750;1149508
8;6;0.016756;1149508
8;8;0.016750;1149508
8;8;0.016750;1149508
8;8;0.016751;1149508
8;2;0.016750;1149508
8;8;0.016751;1149508
8;8;0.016750;1149508
8;8;0.016750;1149508
8;8;0.016750;1149508
8;8;0.016750;1149508
8;8;0.016750;1149508
8;8;0.016750;1149508
8;8;0.016750;1149508
8;8;0.016750;1149508
8;8;0.016750;1149508
8;2;0.016750;1149508
8;8;0.016750;1149508
8;4;0.016750;1149508
8;8;0.016750;1149508
8;8;0.016750;1149508
8;2;0.016750;1149508
8;1;0.016750;1149508
8;8;0.016751;1149508
8;3;0.016750;1149508
8;8;0.016750;1149508
8;8;0.016751;1149508
8;7;0.016750;1149508
8;8;0.016755;1149508
8;8;0.016750;1149508
8;8;0.016750;1149508
8;8;0.016750;1149508
8;8;0.016750;1149508
8;8;0.016751;1149508
8;8;0.016750;1149508
8;1;0.016750;1149508
8;8;0.016750;1149508
8;8;0.016751;1149508
8;8;0.016753;1149508
8;8;0.016752;1149508
8;8;0.016752;1149508
8;8;0.016751;1149508
8;4;0.016751;1149508
8;9;0.016751;1149508
8;1;0.016750;1149508
8;9;0.016750;1149508
8;8;0.016751;1149508
8;8;0.016750;1149508
8;8;0.016750;1149508
8;8;0.016751;1149508
8;3;0.016750;1149508
8;8;0.016750;1149508
8;8;0.016750;1149508
8;8;0.016750;1149508
8;6;0.016750;1149508
8;7;0.016750;1149508
8;8;0.016751;1149508
8;8;0.016750;1149508
8;7;0.016750;1149508
8;8;0.016750;1149508
8;8;0.016750;1149508
8;8;0.016750;1149508
8;8;0.016750;1149508
8;8;0.016750;1149508
8;3;0.016750;1149508
8;8;0.016750;1149508
8;8;0.016750;1149508
8;3;0.016750;1149508
8;8;0.016750;1149508
8;8;0.016750;1149508
8;8;0.016750;1149508
8;6;0.016750;1149508
8;9;0.016750;1149508
8;8;0.016750;1149508
8;8;0.016750;1149508
8;8;0.016751;1149508
8;8;0.016750;1149508
8;8;0.016750;1149508
8;8;0.016750;1149508
8;8;0.016750;1149508
8;8;0.016750;1149508
8;8;0.016751;1149508
8;8;0.016751;1149508
8;3;0.016750;1149508
8;8;0.016750;1149508
8;8;0.016752;1149508
8;8;0.016751;1149508
8;8;0.016751;1149508
8;8;0.016751;1149508
8;8;0.016750;1149508
8;8;0.016750;1149508
8;8;0.016751;1149508
8;8;0.016750;1149508
8;8;0.016750;1149508
8;8;0.016751;1149508
8;8;0.016750;1149508
8;3;0.016751;1149508
8;8;0.016750;1149508
8;8;0.016750;1149508
8;8;0.016750;1149508
8;8;0.016750;1149508
8;9;0.016751;1149508
8;2;0.016751;1149508
8;8;0.016751;1149508
8;8;0.016751;1149508
8;3;0.016750;1149508
8;6;0.016750;1149508
8;8;0.016751;1149508
8;4;0.016750;1149508
8;8;0.016750;1149508
8;8;0.016750;1149508
8;8;0.016750;1149508
8;3;0.016750;1149508
8;2;0.016750;1149508
8;3;0.016751;1149508
8;8;0.016750;1149508
8;8;0.016750;1149508
8;8;0.016750;1149508
8;9;0.016750;1149508
8;7;0.016750;1149508
8;5;0.016750;1149508
8;2;0.016750;1149508
8;7;0.016750;1149508
8;8;0.016750;1149508
8;4;0.016750;1149508
8;8;0.016750;1149508
8;7;0.016750;1149508
8;8;0.016750;1149508
8;8;0.016750;1149508
8;9;0.016751;1149508
8;8;0.016750;1149508
8;8;0.016750;1149508
8;3;0.016750;1149508
8;8;0.016750;1149508
8;8;0.016750;1149508
8;7;0.016750;1149508
8;8;0.016750;1149508
8;8;0.016750;1149508
8;8;0.016750;1149508
8;8;0.016751;1149508
8;8;0.016750;1149508
8;7;0.016750;1149508
8;8;0.016750;1149508
8;7;0.016750;1149508
8;8;0.016751;1149508
8;3;0.016751;1149508
8;8;0.016750;1149508
8;1;0.016760;1149508
8;8;0.016751;1149508
8;8;0.016753;1149508
8;8;0.016751;1149508
8;7;0.016751;1149508
8;8;0.016750;1149508
8;8;0.016750;1149508
8;8;0.016750;1149508
8;8;0.016750;1149508
8;8;0.016750;1149508
8;8;0.016750;1149508
8;8;0.016750;1149508
8;4;0.016750;1149508
8;8;0.016750;1149508
8;3;0.016750;1149508
8;3;0.016751;1149508
8;3;0.016750;1149508
8;8;0.016750;1149508
8;8;0.016750;1149508
8;8;0.016750;1149508
8;8;0.016751;1149508
8;8;0.016750;1149508
8;8;0.016750;1149508
8;2;0.016751;1149508
8;8;0.016750;1149508
8;3;0.016751;1149508
8;7;0.016750;1149508
8;8;0.016760;1149508
8;8;0.016750;1149508
8;9;0.016751;1149508
8;8;0.016751;1149508
8;3;0.016751;1149508
8;3;0.016751;1149508
8;8;0.016750;1149508
8;1;0.016750;1149508
8;8;0.016750;1149508
8;8;0.016750;1149508
8;8;0.016750;1149508
8;9;0.016750;1149508
8;3;0.016750;1149508
8;8;0.016750;1149508
8;8;0.016751;1149508
8;8;0.016750;1149508
8;8;0.016751;1149508
8;8;0.016751;1149508
8;4;0.016750;1149508
8;8;0.016750;1149508
8;8;0.016750;1149508
8;8;0.016750;1149508
8;9;0.016750;1149508
8;8;0.016750;1149508
8;8;0.016750;1149508
8;8;0.016751;1149508
8;8;0.016750;1149508
8;8;0.016750;1149508
8;8;0.016751;1149508
8;8;0.016751;1149508
8;8;0.016750;1149508
8;4;0.016750;1149508
8;8;0.016750;1149508
8;8;0.016750;1149508
8;8;0.016750;1149508
8;9;0.016751;1149508
8;8;0.016750;1149508
8;8;0.016750;1149508
8;3;0.016751;1149508
8;7;0.016750;1149508
8;8;0.016750;1149508
8;8;0.016751;1149508
8;8;0.016750;1149508
8;8;0.016750;1149508
8;8;0.016751;1149508
8;8;0.016750;1149508
8;8;0.016751;1149508
8;8;0.016750;1149508
8;4;0.016750;1149508
8;8;0.016750;1149508
8;8;0.016750;1149508
8;8;0.016750;1149508
8;1;0.016750;1149508
8;9;0.016750;1149508
8;8;0.016752;1149508
8;8;0.016751;1149508
8;8;0.016750;1149508
8;8;0.016751;1149508
8;3;0.016751;1149508
8;8;0.016750;1149508
8;8;0.016750;1149508
8;8;0.016751;1149508
8;1;0.016750;1149508
8;7;0.016750;1149508
8;8;0.016752;1149508
8;8;0.016750;1149508
8;8;0.016750;1149508
8;8;0.016750;1149508
8;8;0.016750;1149508
8;8;0.016750;1149508
8;2;0.016750;1149508
8;8;0.016750;1149508
8;7;0.016750;1149508
8;8;0.016750;1149508
8;8;0.016750;1149508
8;8;0.016751;1149508
8;3;0.016751;1149508
8;3;0.016750;1149508
8;8;0.016750;1149508
8;8;0.016750;1149508
8;9;0.016750;1149508
8;3;0.016750;1149508
8;8;0.016750;1149508
8;8;0.016750;1149508
8;3;0.016750;1149508
8;8;0.016751;1149508
8;6;0.016750;1149508
8;8;0.016750;1149508
8;8;0.016750;1149508
8;8;0.016750;1149508
8;3;0.016750;1149508
8;8;0.016750;1149508
8;8;0.016751;1149508
8;8;0.016750;1149508
8;8;0.016750;1149508
8;8;0.016751;1149508
8;8;0.016750;1149508
8;7;0.016751;1149508
8;8;0.016750;1149508
8;8;0.016751;1149508
8;8;0.016751;1149508
8;8;0.016750;1149508
8;8;0.016750;1149508
8;8;0.016750;1149508
8;8;0.016750;1149508
8;3;0.016751;1149508
8;8;0.016750;1149508
8;9;0.016750;1149508
8;8;0.016750;1149508
8;9;0.016750;1149508
8;3;0.016750;1149508
8;8;0.016750;1149508
8;0;0.016750;1149508
8;8;0.016750;1149508
8;8;0.016751;1149508
8;8;0.016751;1149508
8;4;0.016754;1149508
8;4;0.016750;1149508
8;8;0.016760;1149508
8;8;0.016750;1149508
8;8;0.016751;1149508
8;8;0.016750;1149508
8;4;0.016750;1149508
8;8;0.016751;1149508
8;8;0.016751;1149508
8;8;0.016751;1149508
8;3;0.016750;1149508
8;8;0.016750;1149508
8;8;0.016750;1149508
8;8;0.016750;1149508
8;8;0.016750;1149508
8;8;0.016750;1149508
8;8;0.016750;1149508
8;8;0.016750;1149508
8;8;0.016750;1149508
8;7;0.016750;1149508
8;8;0.016750;1149508
8;8;0.016750;1149508
8;2;0.016841;1149508
8;7;0.016751;1149508
8;8;0.016750;1149508
8;7;0.016751;1149508
8;8;0.016751;1149508
8;8;0.016750;1149508
8;9;0.016754;1149508
8;8;0.016750;1149508
8;3;0.016750;1149508
8;8;0.016750;1149508
8;1;0.016750;1149508
8;8;0.016751;1149508
8;8;0.016750;1149508
8;8;0.016750;1149508
8;8;0.016750;1149508
8;8;0.016751;1149508
8;8;0.016750;1149508
8;3;0.016751;1149508
8;6;0.016751;1149508
8;8;0.016750;1149508
8;8;0.016750;1149508
8;8;0.016750;1149508
8;3;0.016750;1149508
8;0;0.016750;1149508
8;8;0.016750;1149508
8;8;0.016751;1149508
8;8;0.016750;1149508
8;8;0.016750;1149508
8;8;0.016750;1149508
8;8;0.016750;1149508
8;8;0.016750;1149508
8;8;0.016750;1149508
8;8;0.016751;1149508
8;8;0.016750;1149508
8;8;0.016751;1149508
8;8;0.016751;1149508
8;8;0.016751;1149508
8;8;0.016753;1149508
8;8;0.016750;1149508
8;8;0.016750;1149508
8;1;0.016751;1149508
8;8;0.016751;1149508
8;8;0.016751;1149508
8;8;0.016751;1149508
8;8;0.016751;1149508
8;8;0.016750;1149508
8;8;0.016750;1149508
8;8;0.016750;1149508
8;8;0.016751;1149508
8;8;0.016750;1149508
8;8;0.016750;1149508
8;2;0.016750;1149508
8;2;0.016750;1149508
8;2;0.016751;1149508
8;8;0.016750;1149508
8;8;0.016750;1149508
8;2;0.016751;1149508
8;8;0.016750;1149508
8;8;0.016750;1149508
8;8;0.016750;1149508
8;8;0.016750;1149508
8;8;0.016751;1149508
8;6;0.016751;1149508
8;8;0.016750;1149508
8;8;0.016750;1149508
8;6;0.016750;1149508
8;8;0.016750;1149508
8;8;0.016750;1149508
8;8;0.016750;1149508
8;8;0.016750;1149508
8;8;0.016750;1149508
8;8;0.016750;1149508
8;8;0.016751;1149508
8;8;0.016753;1149508
8;8;0.016750;1149508
8;8;0.016750;1149508
8;8;0.016751;1149508
8;9;0.016750;1149508
8;3;0.016750;1149508
8;3;0.016751;1149508
8;8;0.016750;1149508
8;8;0.016750;1149508
8;8;0.016750;1149508
8;8;0.016755;1149508
8;9;0.016750;1149508
8;8;0.016750;1149508
8;8;0.016750;1149508
8;8;0.016750;1149508
8;8;0.016750;1149508
8;8;0.016750;1149508
8;2;0.016750;1149508
8;8;0.016750;1149508
8;8;0.016750;1149508
8;8;0.016750;1149508
8;8;0.016750;1149508
8;8;0.016750;1149508
8;8;0.016750;1149508
8;8;0.016750;1149508
8;8;0.016751;1149508
8;8;0.016750;1149508
8;8;0.016750;1149508
8;8;0.016751;1149508
8;8;0.016750;1149508
8;8;0.016750;1149508
8;3;0.016751;1149508
8;3;0.016750;1149508
8;8;0.016750;1149508
8;8;0.016750;1149508
8;8;0.016751;1149508
8;8;0.016750;1149508
8;8;0.016750;1149508
8;8;0.016750;1149508
8;8;0.016750;1149508
8;8;0.016750;1149508
8;8;0.016750;1149508
8;8;0.016751;1149508
8;8;0.016750;1149508
8;8;0.016750;1149508
8;8;0.016752;1149508
8;3;0.016750;1149508
8;8;0.016751;1149508
8;8;0.016750;1149508
8;8;0.016751;1149508
8;8;0.016750;1149508
8;8;0.016750;1149508
8;8;0.016750;1149508
8;8;0.016753;1149508
8;8;0.016750;1149508
8;8;0.016760;1149508
8;8;0.016751;1149508
8;8;0.016750;1149508
8;9;0.016750;1149508
8;8;0.016750;1149508
8;8;0.016750;1149508
8;8;0.016751;1149508
8;9;0.016751;1149508
8;9;0.016751;1149508
8;8;0.016752;1149508
8;8;0.016753;1149508
8;9;0.016750;1149508
8;8;0.016750;1149508
8;8;0.016750;1149508
8;7;0.016750;1149508
8;3;0.016750;1149508
8;8;0.016750;1149508
8;8;0.016751;1149508
8;8;0.016750;1149508
8;8;0.016750;1149508
8;8;0.016750;1149508
8;3;0.016750;1149508
8;2;0.016750;1149508
8;1;0.016750;1149508
8;8;0.016750;1149508
8;7;0.016750;1149508
8;8;0.016751;1149508
8;7;0.016751;1149508
8;8;0.016750;1149508
8;8;0.016750;1149508
8;8;0.016751;1149508
8;8;0.016750;1149508
8;8;0.016750;1149508
8;8;0.016751;1149508
8;8;0.016751;1149508
8;3;0.016750;1149508
8;8;0.016750;1149508
8;8;0.016750;1149508
8;8;0.016750;1149508
8;7;0.016759;1149508
8;9;0.016755;1149508
8;8;0.016750;1149508
8;3;0.016751;1149508
8;8;0.016750;1149508
8;4;0.016750;1149508
8;8;0.016750;1149508
8;8;0.016750;1149508
8;8;0.016750;1149508
8;8;0.016750;1149508
8;8;0.016750;1149508
8;8;0.016751;1149508
8;8;0.016750;1149508
8;8;0.016750;1149508
8;8;0.016750;1149508
8;8;0.016750;1149508
8;8;0.016750;1149508
8;8;0.016750;1149508
8;8;0.016750;1149508
8;8;0.016750;1149508
8;7;0.016750;1149508
8;8;0.016750;1149508
8;8;0.016750;1149508
8;8;0.016751;1149508
8;7;0.016750;1149508
8;8;0.016751;1149508
8;8;0.016750;1149508
8;9;0.016750;1149508
8;8;0.016750;1149508
8;8;0.016751;1149508
8;8;0.016750;1149508
8;7;0.016751;1149508
8;8;0.016760;1149508
8;8;0.016750;1149508
8;8;0.016750;1149508
8;3;0.016750;1149508
8;4;0.016750;1149508
8;8;0.016750;1149508
8;9;0.016750;1149508
8;3;0.016750;1149508
8;8;0.016750;1149508
8;8;0.016750;1149508
8;8;0.016750;1149508
8;9;0.016750;1149508
8;8;0.016750;1149508
8;8;0.016751;1149508
8;8;0.016750;1149508
8;8;0.016750;1149508
8;8;0.016750;1149508
8;8;0.016750;1149508
8;8;0.016750;1149508
8;8;0.016750;1149508
8;8;0.016750;1149508
8;8;0.016750;1149508
8;8;0.016750;1149508
8;8;0.016750;1149508
8;8;0.016750;1149508
8;8;0.016751;1149508
8;8;0.016750;1149508
8;2;0.016750;1149508
8;8;0.016750;1149508
8;8;0.016750;1149508
8;2;0.016750;1149508
8;8;0.016750;1149508
8;8;0.016750;1149508
8;8;0.016750;1149508
8;3;0.016754;1149508
8;3;0.016751;1149508
8;3;0.016750;1149508
8;3;0.016750;1149508
8;8;0.016750;1149508
8;3;0.016750;1149508
8;8;0.016750;1149508
8;8;0.016750;1149508
8;8;0.016752;1149508
8;3;0.016750;1149508
8;8;0.016760;1149508
8;8;0.016750;1149508
8;8;0.016751;1149508
8;8;0.016750;1149508
8;8;0.016750;1149508
8;8;0.016751;1149508
8;8;0.016750;1149508
8;8;0.016750;1149508
8;8;0.016751;1149508
8;6;0.017450;1149508
8;3;0.016750;1149508
8;7;0.016750;1149508
8;8;0.016750;1149508
8;8;0.016750;1149508
8;8;0.016750;1149508
8;8;0.016750;1149508
8;8;0.016750;1149508
8;8;0.016751;1149508
8;8;0.016750;1149508
8;8;0.016750;1149508
8;8;0.016750;1149508
8;8;0.016750;1149508
8;8;0.016750;1149508
8;8;0.016750;1149508
8;8;0.016754;1149508
8;3;0.016751;1149508
8;8;0.016760;1149508
8;8;0.016750;1149508
8;8;0.016756;1149508
8;8;0.016751;1149508
8;8;0.016751;1149508
8;7;0.016751;1149508
8;8;0.016750;1149508
8;8;0.016750;1149508
8;8;0.016751;1149508
8;8;0.016750;1149508
8;8;0.016750;1149508
8;8;0.016750;1149508
8;8;0.016750;1149508
8;8;0.016751;1149508
8;8;0.016750;1149508
8;8;0.016750;1149508
8;9;0.016750;1149508
8;8;0.016750;1149508
8;8;0.016750;1149508
8;8;0.016750;1149508
8;8;0.016750;1149508
8;2;0.016750;1149508
8;3;0.016754;1149508
8;8;0.016751;1149508
8;8;0.016750;1149508
8;8;0.016750;1149508
8;8;0.016751;1149508
8;8;0.016751;1149508
8;8;0.016750;1149508
8;8;0.016750;1149508
8;3;0.016750;1149508
8;8;0.016751;1149508
8;8;0.016751;1149508
8;8;0.016750;1149508
8;8;0.016750;1149508
8;8;0.016750;1149508
8;4;0.016751;1149508
8;8;0.016750;1149508
8;8;0.016750;1149508
8;8;0.016750;1149508
8;8;0.016750;1149508
8;8;0.016750;1149508
8;8;0.016750;1149508
8;8;0.016751;1149508
8;8;0.016751;1149508
8;4;0.016750;1149508
8;8;0.016751;1149508
8;8;0.016750;1149508
8;2;0.016750;1149508
8;8;0.016750;1149508
8;8;0.016750;1149508
8;2;0.016750;1149508
8;8;0.016750;1149508
8;9;0.016750;1149508
8;8;0.016750;1149508
8;9;0.016750;1149508
8;8;0.016750;1149508
8;8;0.016750;1149508
8;8;0.016750;1149508
8;8;0.016750;1149508
8;3;0.016751;1149508
8;8;0.016750;1149508
8;8;0.016750;1149508
8;6;0.016752;1149508
8;6;0.016751;1149508
8;8;0.016750;1149508
8;8;0.016750;1149508
8;3;0.016751;1149508
8;8;0.016751;1149508
8;8;0.016750;1149508
8;8;0.016750;1149508
8;3;0.016750;1149508
8;8;0.016751;1149508
8;8;0.016750;1149508
8;2;0.016750;1149508
8;8;0.016750;1149508
8;8;0.016750;1149508
8;8;0.016750;1149508
8;8;0.016750;1149508
8;8;0.016750;1149508
8;9;0.016750;1149508
8;8;0.016750;1149508
8;8;0.016750;1149508
8;8;0.016751;1149508
8;8;0.016750;1149508
8;8;0.016750;1149508
8;8;0.016753;1149508
8;8;0.016751;1149508
8;8;0.016750;1149508
8;8;0.016750;1149508
8;8;0.016750;1149508
8;8;0.016750;1149508
8;8;0.016751;1149508
8;8;0.016750;1149508
8;9;0.016750;1149508
8;8;0.016750;1149508
8;8;0.016750;1149508
8;8;0.016750;1149508
8;8;0.016750;1149508
8;8;0.016750;1149508
8;8;0.016751;1149508
8;8;0.016750;1149508
8;8;0.016750;1149508
8;2;0.016751;1149508
8;8;0.016751;1149508
8;8;0.016750;1149508
8;8;0.016750;1149508
8;8;0.016750;1149508
8;8;0.016750;1149508
8;2;0.016751;1149508
8;8;0.016750;1149508
8;8;0.016750;1149508
8;8;0.016750;1149508
8;8;0.016750;1149508
8;8;0.016750;1149508
8;8;0.016751;1149508
8;8;0.016751;1149508
8;8;0.016752;1149508
8;8;0.016750;1149508
8;8;0.016750;1149508
8;8;0.016750;1149508
8;8;0.016750;1149508
8;9;0.016750;1149508
8;8;0.016750;1149508
8;8;0.016750;1149508
8;8;0.016750;1149508
8;8;0.016750;1149508
8;3;0.016750;1149508
8;8;0.016750;1149508
8;8;0.016750;1149508
8;8;0.016751;1149508
8;9;0.016751;1149508
8;8;0.016750;1149508
8;8;0.016751;1149508
8;8;0.016750;1149508
8;8;0.016751;1149508
8;8;0.016750;1149508
8;8;0.016751;1149508
8;8;0.016751;1149508
8;8;0.016751;1149508
8;8;0.016750;1149508
8;8;0.016750;1149508
8;8;0.016750;1149508
8;6;0.016750;1149508
8;8;0.016750;1149508
8;9;0.016751;1149508
8;8;0.016750;1149508
8;8;0.016750;1149508
8;2;0.016750;1149508
8;8;0.016750;1149508
8;8;0.016750;1149508
8;8;0.016750;1149508
8;8;0.016750;1149508
8;8;0.016750;1149508
8;8;0.016750;1149508
8;8;0.016750;1149508
8;8;0.016750;1149508
8;8;0.016750;1149508
8;8;0.016751;1149508
8;8;0.016750;1149508
8;8;0.016750;1149508
8;8;0.016750;1149508
8;8;0.016750;1149508
8;8;0.016751;1149508
8;3;0.016751;1149508
8;8;0.016750;1149508
8;9;0.016750;1149508
8;8;0.016760;1149508
8;8;0.016750;1149508
8;9;0.016750;1149508
8;8;0.016750;1149508
8;8;0.016751;1149508
8;8;0.016750;1149508
8;8;0.016750;1149508
8;4;0.016751;1149508
8;8;0.016750;1149508
8;9;0.016750;1149508
8;8;0.016751;1149508
8;8;0.016750;1149508
8;8;0.016750;1149508
8;8;0.016750;1149508
8;8;0.016750;1149508
8;8;0.016751;1149508
8;8;0.016750;1149508
8;8;0.016750;1149508
8;8;0.016750;1149508
8;9;0.016750;1149508
8;8;0.016750;1149508
8;8;0.016751;1149508
8;9;0.016751;1149508
8;8;0.016751;1149508
8;8;0.016750;1149508
8;8;0.016750;1149508
8;8;0.016751;1149508
8;3;0.016750;1149508
8;8;0.016750;1149508
8;8;0.016750;1149508
8;8;0.016750;1149508
8;7;0.016753;1149508
8;8;0.016750;1149508
8;8;0.016755;1149508
8;2;0.016750;1149508
8;8;0.016751;1149508
8;3;0.016750;1149508
8;8;0.016750;1149508
8;8;0.016750;1149508
8;8;0.016751;1149508
8;8;0.016750;1149508
8;8;0.016750;1149508
8;1;0.016750;1149508
8;8;0.016752;1149508
8;3;0.016750;1149508
8;8;0.016750;1149508
8;3;0.016750;1149508
8;8;0.016750;1149508
8;8;0.016750;1149508
8;8;0.016750;1149508
8;1;0.016750;1149508
8;8;0.016750;1149508
8;8;0.016750;1149508
8;8;0.016750;1149508
8;8;0.016750;1149508
8;2;0.016750;1149508
8;8;0.016750;1149508
8;8;0.016750;1149508
8;3;0.016750;1149508
8;8;0.016750;1149508
8;8;0.016750;1149508
8;8;0.016751;1149508
9;9;0.016750;1149508
9;9;0.016750;1149508
9;9;0.016750;1149508
9;9;0.016750;1149508
9;9;0.016750;1149508
9;9;0.016750;1149508
9;9;0.016750;1149508
9;9;0.016751;1149508
9;9;0.016750;1149508
9;9;0.016750;1149508
9;9;0.016754;1149508
9;9;0.016750;1149508
9;7;0.016751;1149508
9;9;0.016750;1149508
9;9;0.016750;1149508
9;4;0.016750;1149508
9;8;0.016750;1149508
9;9;0.016750;1149508
9;9;0.016752;1149508
9;7;0.016750;1149508
9;9;0.016754;1149508
9;9;0.016750;1149508
9;9;0.016751;1149508
9;6;0.016750;1149508
9;9;0.016750;1149508
9;7;0.016750;1149508
9;3;0.016750;1149508
9;9;0.016750;1149508
9;2;0.016751;1149508
9;9;0.016750;1149508
9;9;0.016750;1149508
9;9;0.016751;1149508
9;4;0.016750;1149508
9;9;0.016751;1149508
9;7;0.016751;1149508
9;9;0.016750;1149508
9;4;0.016750;1149508
9;9;0.016750;1149508
9;4;0.016750;1149508
9;9;0.016750;1149508
9;9;0.016751;1149508
9;9;0.016750;1149508
9;9;0.016750;1149508
9;9;0.016751;1149508
9;9;0.016752;1149508
9;4;0.016752;1149508
9;7;0.016751;1149508
9;9;0.016750;1149508
9;9;0.016751;1149508
9;9;0.016750;1149508
9;7;0.016750;1149508
9;9;0.016750;1149508
9;9;0.016750;1149508
9;9;0.016750;1149508
9;4;0.016750;1149508
9;9;0.016750;1149508
9;7;0.016751;1149508
9;9;0.016750;1149508
9;9;0.016751;1149508
9;9;0.016750;1149508
9;9;0.016750;1149508
9;9;0.016750;1149508
9;9;0.016750;1149508
9;7;0.016751;1149508
9;8;0.016750;1149508
9;9;0.016750;1149508
9;3;0.016750;1149508
9;9;0.016750;1149508
9;4;0.016750;1149508
9;9;0.016750;1149508
9;9;0.016750;1149508
9;9;0.016750;1149508
9;2;0.016750;1149508
9;9;0.016750;1149508
9;7;0.016750;1149508
9;7;0.016750;1149508
9;9;0.016750;1149508
9;9;0.016750;1149508
9;4;0.016750;1149508
9;9;0.017405;1149508
9;9;0.016750;1149508
9;7;0.016751;1149508
9;9;0.016750;1149508
9;6;0.016750;1149508
9;9;0.016750;1149508
9;8;0.016752;1149508
9;4;0.016752;1149508
9;9;0.016751;1149508
9;9;0.016751;1149508
9;9;0.016750;1149508
9;9;0.016750;1149508
9;7;0.016750;1149508
9;4;0.016750;1149508
9;4;0.016750;1149508
9;9;0.016750;1149508
9;9;0.016751;1149508
9;4;0.016751;1149508
9;9;0.016751;1149508
9;9;0.016750;1149508
9;9;0.016750;1149508
9;9;0.016750;1149508
9;9;0.016750;1149508
9;9;0.016750;1149508
9;4;0.016751;1149508
9;9;0.016750;1149508
9;9;0.016751;1149508
9;4;0.016751;1149508
9;9;0.016750;1149508
9;9;0.016750;1149508
9;9;0.016750;1149508
9;7;0.016750;1149508
9;9;0.016750;1149508
9;9;0.016750;1149508
9;9;0.016751;1149508
9;9;0.016750;1149508
9;9;0.016750;1149508
9;9;0.016750;1149508
9;7;0.016750;1149508
9;9;0.016750;1149508
9;4;0.016750;1149508
9;9;0.016750;1149508
9;9;0.016751;1149508
9;9;0.016750;1149508
9;9;0.016751;1149508
9;3;0.016750;1149508
9;9;0.016751;1149508
9;9;0.016750;1149508
9;9;0.016750;1149508
9;4;0.016750;1149508
9;8;0.016750;1149508
9;9;0.016750;1149508
9;9;0.016750;1149508
9;9;0.016750;1149508
9;7;0.016750;1149508
9;9;0.016750;1149508
9;9;0.016750;1149508
9;9;0.016750;1149508
9;9;0.016750;1149508
9;9;0.016750;1149508
9;4;0.016750;1149508
9;9;0.016750;1149508
9;6;0.016750;1149508
9;2;0.016750;1149508
9;9;0.016750;1149508
9;9;0.016750;1149508
9;9;0.016750;1149508
9;9;0.016751;1149508
9;4;0.016750;1149508
9;7;0.016750;1149508
9;4;0.016750;1149508
9;7;0.016750;1149508
9;9;0.016750;1149508
9;2;0.016750;1149508
9;9;0.016750;1149508
9;8;0.016750;1149508
9;2;0.016750;1149508
9;9;0.016760;1149508
9;9;0.016750;1149508
9;4;0.016750;1149508
9;9;0.016750;1149508
9;9;0.016750;1149508
9;9;0.016750;1149508
9;9;0.016750;1149508
9;9;0.016750;1149508
9;4;0.016750;1149508
9;9;0.016750;1149508
9;3;0.016750;1149508
9;9;0.016750;1149508
9;4;0.016750;1149508
9;2;0.016750;1149508
9;4;0.016750;1149508
9;9;0.016750;1149508
9;9;0.016751;1149508
9;9;0.016750;1149508
9;7;0.016750;1149508
9;9;0.016751;1149508
9;7;0.016750;1149508
9;4;0.016750;1149508
9;3;0.016750;1149508
9;9;0.016751;1149508
9;9;0.016751;1149508
9;2;0.016751;1149508
9;9;0.016752;1149508
9;0;0.016751;1149508
9;9;0.016750;1149508
9;9;0.016750;1149508
9;9;0.016750;1149508
9;9;0.016750;1149508
9;9;0.016750;1149508
9;9;0.016750;1149508
9;9;0.016751;1149508
9;3;0.016750;1149508
9;4;0.016750;1149508
9;7;0.016750;1149508
9;9;0.016751;1149508
9;9;0.016750;1149508
9;4;0.016750;1149508
9;9;0.016750;1149508
9;4;0.016750;1149508
9;9;0.016750;1149508
9;9;0.016751;1149508
9;9;0.016752;1149508
9;9;0.016750;1149508
9;7;0.016755;1149508
9;9;0.016750;1149508
9;9;0.016751;1149508
9;9;0.016750;1149508
9;4;0.016750;1149508
9;9;0.016750;1149508
9;9;0.016750;1149508
9;9;0.016750;1149508
9;9;0.016750;1149508
9;9;0.016750;1149508
9;9;0.016750;1149508
9;9;0.016750;1149508
9;9;0.016750;1149508
9;9;0.016751;1149508
9;7;0.016750;1149508
9;9;0.016750;1149508
9;9;0.016750;1149508
9;9;0.016750;1149508
9;9;0.016750;1149508
9;9;0.016750;1149508
9;9;0.016750;1149508
9;9;0.016760;1149508
9;9;0.016751;1149508
9;9;0.016750;1149508
9;9;0.016750;1149508
9;1;0.016751;1149508
9;9;0.016750;1149508
9;4;0.016750;1149508
9;9;0.016751;1149508
9;9;0.016750;1149508
9;9;0.016750;1149508
9;7;0.016750;1149508
9;9;0.016750;1149508
9;9;0.016750;1149508
9;3;0.016751;1149508
9;7;0.016750;1149508
9;4;0.016750;1149508
9;9;0.016750;1149508
9;9;0.016750;1149508
9;9;0.016751;1149508
9;7;0.016750;1149508
9;9;0.016751;1149508
9;9;0.016751;1149508
9;3;0.016750;1149508
9;9;0.016750;1149508
9;9;0.016750;1149508
9;9;0.016750;1149508
9;9;0.016750;1149508
9;4;0.016750;1149508
9;7;0.016750;1149508
9;9;0.016750;1149508
9;9;0.016750;1149508
9;9;0.016750;1149508
9;2;0.016750;1149508
9;4;0.016750;1149508
9;9;0.016750;1149508
9;9;0.016750;1149508
9;7;0.016750;1149508
9;4;0.016750;1149508
9;8;0.016750;1149508
9;9;0.016750;1149508
9;9;0.016750;1149508
9;9;0.016750;1149508
9;7;0.016750;1149508
9;9;0.016750;1149508
9;9;0.016750;1149508
9;9;0.016750;1149508
9;9;0.016750;1149508
9;9;0.016750;1149508
9;4;0.016750;1149508
9;9;0.016750;1149508
9;9;0.016750;1149508
9;9;0.016750;1149508
9;9;0.016754;1149508
9;7;0.016750;1149508
9;9;0.016751;1149508
9;9;0.016751;1149508
9;3;0.016750;1149508
9;9;0.016751;1149508
9;4;0.016750;1149508
9;9;0.016751;1149508
9;9;0.016751;1149508
9;9;0.016750;1149508
9;7;0.016751;1149508
9;4;0.016751;1149508
9;3;0.016750;1149508
9;9;0.016751;1149508
9;9;0.016750;1149508
9;4;0.016750;1149508
9;9;0.016750;1149508
9;9;0.016750;1149508
9;9;0.016750;1149508
9;9;0.016750;1149508
9;4;0.016750;1149508
9;4;0.016750;1149508
9;9;0.016760;1149508
9;9;0.016750;1149508
9;4;0.016750;1149508
9;9;0.016751;1149508
9;9;0.016750;1149508
9;4;0.016750;1149508
9;4;0.016750;1149508
9;9;0.016751;1149508
9;4;0.016752;1149508
9;9;0.016751;1149508
9;9;0.016750;1149508
9;7;0.016750;1149508
9;9;0.016750;1149508
9;2;0.016750;1149508
9;4;0.016750;1149508
9;9;0.016750;1149508
9;9;0.016750;1149508
9;9;0.016751;1149508
9;9;0.016751;1149508
9;4;0.016750;1149508
9;3;0.016750;1149508
9;7;0.016751;1149508
9;9;0.016750;1149508
9;9;0.016750;1149508
9;7;0.016750;1149508
9;9;0.016750;1149508
9;9;0.016751;1149508
9;9;0.016750;1149508
9;9;0.016751;1149508
9;9;0.016750;1149508
9;9;0.016750;1149508
9;9;0.016753;1149508
9;2;0.016750;1149508
9;9;0.016750;1149508
9;3;0.016750;1149508
9;9;0.016750;1149508
9;9;0.016750;1149508
9;9;0.016750;1149508
9;9;0.016750;1149508
9;2;0.016750;1149508
9;4;0.016750;1149508
9;9;0.016750;1149508
9;9;0.016750;1149508
9;9;0.016750;1149508
9;4;0.016750;1149508
9;7;0.016750;1149508
9;9;0.016750;1149508
9;9;0.016750;1149508
9;9;0.016750;1149508
9;9;0.016750;1149508
9;4;0.016750;1149508
9;2;0.016751;1149508
9;7;0.016752;1149508
9;8;0.016750;1149508
9;9;0.016750;1149508
9;9;0.016750;1149508
9;9;0.016750;1149508
9;9;0.016751;1149508
9;9;0.016750;1149508
9;4;0.016751;1149508
9;9;0.016751;1149508
9;9;0.016750;1149508
9;9;0.016750;1149508
9;4;0.016750;1149508
9;9;0.016750;1149508
9;9;0.016750;1149508
9;9;0.016750;1149508
9;9;0.016750;1149508
9;9;0.016751;1149508
9;9;0.016751;1149508
9;9;0.016750;1149508
9;9;0.016750;1149508
9;9;0.016750;1149508
9;3;0.016750;1149508
9;4;0.016750;1149508
9;9;0.016750;1149508
9;9;0.016750;1149508
9;9;0.016751;1149508
9;9;0.016751;1149508
9;9;0.016751;1149508
9;9;0.016751;1149508
9;9;0.016751;1149508
9;9;0.016750;1149508
9;9;0.016750;1149508
9;3;0.016750;1149508
9;9;0.016750;1149508
9;9;0.016750;1149508
9;9;0.016751;1149508
9;7;0.016750;1149508
9;9;0.016751;1149508
9;9;0.016750;1149508
9;4;0.016751;1149508
9;9;0.016750;1149508
9;9;0.016750;1149508
9;9;0.016750;1149508
9;9;0.016750;1149508
9;9;0.016750;1149508
9;9;0.016750;1149508
9;9;0.016750;1149508
9;9;0.016751;1149508
9;9;0.016754;1149508
9;9;0.016750;1149508
9;9;0.016759;1149508
9;2;0.016750;1149508
9;9;0.016750;1149508
9;8;0.016750;1149508
9;9;0.016750;1149508
9;9;0.016750;1149508
9;9;0.016750;1149508
9;9;0.016750;1149508
9;9;0.016750;1149508
9;2;0.016750;1149508
9;4;0.016750;1149508
9;7;0.016750;1149508
9;9;0.016750;1149508
9;4;0.016750;1149508
9;9;0.016750;1149508
9;9;0.016751;1149508
9;2;0.016750;1149508
9;9;0.016750;1149508
9;9;0.016751;1149508
9;4;0.016750;1149508
9;9;0.016750;1149508
9;9;0.016751;1149508
9;4;0.016750;1149508
9;9;0.016751;1149508
9;9;0.016750;1149508
9;9;0.016751;1149508
9;4;0.016751;1149508
9;9;0.016750;1149508
9;9;0.016750;1149508
9;9;0.016750;1149508
9;4;0.016750;1149508
9;7;0.016751;1149508
9;4;0.016750;1149508
9;9;0.016750;1149508
9;9;0.016750;1149508
9;9;0.016750;1149508
9;9;0.016750;1149508
9;9;0.016750;1149508
9;9;0.016750;1149508
9;9;0.016750;1149508
9;9;0.016750;1149508
9;9;0.016750;1149508
9;7;0.016750;1149508
9;4;0.016751;1149508
9;9;0.016750;1149508
9;8;0.016750;1149508
9;9;0.016750;1149508
9;9;0.016750;1149508
9;9;0.016750;1149508
9;4;0.016750;1149508
9;9;0.016750;1149508
9;9;0.016752;1149508
9;9;0.016750;1149508
9;9;0.016750;1149508
9;7;0.016751;1149508
9;9;0.016750;1149508
9;2;0.016750;1149508
9;9;0.016750;1149508
9;9;0.016750;1149508
9;9;0.016751;1149508
9;9;0.016751;1149508
9;9;0.016750;1149508
9;9;0.016751;1149508
9;9;0.016750;1149508
9;9;0.016750;1149508
9;9;0.016750;1149508
9;4;0.016750;1149508
9;9;0.016750;1149508
9;7;0.016750;1149508
9;9;0.016750;1149508
9;4;0.016750;1149508
9;9;0.016750;1149508
9;4;0.016751;1149508
9;9;0.016750;1149508
9;9;0.016751;1149508
9;9;0.016750;1149508
9;4;0.016750;1149508
9;9;0.016760;1149508
9;9;0.016750;1149508
9;9;0.016750;1149508
9;9;0.016750;1149508
9;7;0.016750;1149508
9;9;0.016751;1149508
9;9;0.016751;1149508
9;4;0.016751;1149508
9;7;0.016750;1149508
9;9;0.016750;1149508
9;9;0.016750;1149508
9;9;0.016750;1149508
9;9;0.016750;1149508
9;7;0.016750;1149508
9;9;0.016750;1149508
9;9;0.016750;1149508
9;9;0.016750;1149508
9;9;0.016751;1149508
9;9;0.016754;1149508
9;4;0.016751;1149508
9;9;0.016750;1149508
9;4;0.016750;1149508
9;9;0.016759;1149508
9;9;0.016750;1149508
9;9;0.016751;1149508
9;9;0.016750;1149508
9;9;0.016750;1149508
9;8;0.016750;1149508
9;9;0.016754;1149508
9;9;0.016750;1149508
9;9;0.016750;1149508
9;9;0.016750;1149508
9;9;0.016751;1149508
9;7;0.016750;1149508
9;7;0.016750;1149508
9;4;0.016750;1149508
9;4;0.016751;1149508
9;4;0.016751;1149508
9;9;0.016750;1149508
9;7;0.016751;1149508
9;9;0.016750;1149508
9;9;0.016751;1149508
9;9;0.016750;1149508
9;9;0.016750;1149508
9;7;0.016751;1149508
9;9;0.016750;1149508
9;7;0.016750;1149508
9;9;0.016751;1149508
9;9;0.016750;1149508
9;7;0.016755;1149508
9;4;0.016750;1149508
9;9;0.016750;1149508
9;9;0.016751;1149508
9;9;0.016751;1149508
9;9;0.016751;1149508
9;9;0.016750;1149508
9;9;0.016750;1149508
9;9;0.016750;1149508
9;9;0.016750;1149508
9;9;0.016750;1149508
9;9;0.016750;1149508
9;9;0.016750;1149508
9;9;0.016750;1149508
9;4;0.016750;1149508
9;9;0.016750;1149508
9;9;0.016750;1149508
9;4;0.016751;1149508
9;9;0.016751;1149508
9;9;0.016750;1149508
9;4;0.016751;1149508
9;9;0.016750;1149508
9;9;0.016750;1149508
9;9;0.016750;1149508
9;9;0.016751;1149508
9;9;0.016750;1149508
9;9;0.016751;1149508
9;9;0.016751;1149508
9;9;0.016750;1149508
9;9;0.016751;1149508
9;4;0.016750;1149508
9;9;0.016750;1149508
9;9;0.016751;1149508
9;9;0.016751;1149508
9;7;0.016751;1149508
9;7;0.016750;1149508
9;4;0.016751;1149508
9;9;0.016751;1149508
9;9;0.016750;1149508
9;9;0.016751;1149508
9;9;0.016750;1149508
9;9;0.016750;1149508
9;9;0.016750;1149508
9;9;0.016750;1149508
9;9;0.016750;1149508
9;9;0.016750;1149508
9;9;0.016750;1149508
9;9;0.016751;1149508
9;9;0.016750;1149508
9;7;0.016750;1149508
9;9;0.016750;1149508
9;9;0.016750;1149508
9;9;0.016750;1149508
9;9;0.016750;1149508
9;9;0.016750;1149508
9;9;0.016750;1149508
9;9;0.016751;1149508
9;9;0.016750;1149508
9;9;0.016750;1149508
9;9;0.016750;1149508
9;9;0.016750;1149508
9;9;0.016752;1149508
9;9;0.016751;1149508
9;9;0.016751;1149508
9;3;0.016750;1149508
9;3;0.016750;1149508
9;8;0.016751;1149508
9;3;0.016750;1149508
9;3;0.016750;1149508
9;3;0.016750;1149508
9;4;0.016751;1149508
9;9;0.016750;1149508
9;3;0.016750;1149508
9;9;0.016750;1149508
9;8;0.016750;1149508
9;4;0.016750;1149508
9;9;0.016751;1149508
9;4;0.016750;1149508
9;9;0.016750;1149508
9;9;0.016750;1149508
9;9;0.016750;1149508
9;7;0.016750;1149508
9;3;0.016751;1149508
9;9;0.016750;1149508
9;9;0.016751;1149508
9;9;0.016751;1149508
9;9;0.016751;1149508
9;4;0.016750;1149508
9;9;0.016750;1149508
9;9;0.016750;1149508
9;9;0.016751;1149508
9;9;0.016750;1149508
9;9;0.016750;1149508
9;9;0.016751;1149508
9;9;0.016750;1149508
9;3;0.017445;1149508
9;9;0.016750;1149508
9;9;0.016750;1149508
9;9;0.016750;1149508
9;9;0.016750;1149508
9;9;0.016750;1149508
9;9;0.016750;1149508
9;9;0.016751;1149508
9;9;0.016751;1149508
9;9;0.016750;1149508
9;4;0.016751;1149508
9;9;0.016750;1149508
9;7;0.016751;1149508
9;4;0.016751;1149508
9;9;0.016750;1149508
9;9;0.016751;1149508
9;9;0.016760;1149508
9;9;0.016750;1149508
9;9;0.016750;1149508
9;9;0.016750;1149508
9;9;0.016751;1149508
9;4;0.016750;1149508
9;9;0.016751;1149508
9;9;0.016751;1149508
9;9;0.016751;1149508
9;9;0.016750;1149508
9;9;0.016750;1149508
9;9;0.016752;1149508
9;3;0.016751;1149508
9;7;0.016751;1149508
9;9;0.016750;1149508
9;9;0.016751;1149508
9;7;0.016751;1149508
9;9;0.016751;1149508
9;9;0.016751;1149508
9;9;0.016750;1149508
9;9;0.016750;1149508
9;9;0.016751;1149508
9;9;0.016750;1149508
9;7;0.016750;1149508
9;9;0.016750;1149508
9;4;0.016750;1149508
9;8;0.016751;1149508
9;9;0.016750;1149508
9;9;0.016750;1149508
9;9;0.016750;1149508
9;4;0.016750;1149508
9;4;0.016750;1149508
9;9;0.016750;1149508
9;9;0.016750;1149508
9;7;0.016751;1149508
9;9;0.016755;1149508
9;9;0.016750;1149508
9;9;0.016751;1149508
9;9;0.016750;1149508
9;9;0.016750;1149508
9;9;0.016750;1149508
9;9;0.016750;1149508
9;9;0.016751;1149508
9;9;0.016751;1149508
9;9;0.016750;1149508
9;9;0.016751;1149508
9;7;0.016750;1149508
9;9;0.016751;1149508
9;9;0.016751;1149508
9;7;0.016750;1149508
9;7;0.016751;1149508
9;9;0.016750;1149508
9;9;0.016750;1149508
9;9;0.016751;1149508
9;9;0.016750;1149508
9;9;0.016750;1149508
9;9;0.016750;1149508
9;9;0.016751;1149508
9;9;0.016750;1149508
9;7;0.016750;1149508
9;7;0.016751;1149508
9;9;0.016750;1149508
9;9;0.016750;1149508
9;9;0.016751;1149508
9;4;0.016750;1149508
9;9;0.016751;1149508
9;9;0.016751;1149508
9;9;0.016750;1149508
9;9;0.016751;1149508
9;9;0.016750;1149508
9;9;0.016750;1149508
9;9;0.016751;1149508
9;9;0.016750;1149508
9;9;0.016750;1149508
9;7;0.016751;1149508
9;4;0.016750;1149508
9;9;0.016750;1149508
9;9;0.016750;1149508
9;9;0.016751;1149508
9;7;0.016750;1149508
9;7;0.016750;1149508
9;7;0.016750;1149508
9;7;0.016750;1149508
9;9;0.016750;1149508
9;9;0.016750;1149508
9;9;0.016751;1149508
9;9;0.016844;1149508
9;9;0.016750;1149508
9;8;0.016750;1149508
9;9;0.016750;1149508
9;9;0.016750;1149508
9;9;0.016751;1149508
9;9;0.016750;1149508
9;9;0.016751;1149508
9;9;0.016750;1149508
9;7;0.016750;1149508
9;7;0.016750;1149508
9;9;0.016750;1149508
9;9;0.016750;1149508
9;9;0.016750;1149508
9;8;0.016750;1149508
9;7;0.016750;1149508
9;3;0.016750;1149508
9;9;0.016750;1149508
9;9;0.016751;1149508
9;9;0.016750;1149508
9;9;0.016750;1149508
9;7;0.016750;1149508
9;9;0.016750;1149508
9;9;0.016750;1149508
9;7;0.016751;1149508
9;7;0.016750;1149508
9;9;0.016755;1149508
9;9;0.016751;1149508
9;9;0.016750;1149508
9;9;0.016750;1149508
9;4;0.016750;1149508
9;9;0.016750;1149508
9;4;0.016750;1149508
9;7;0.016751;1149508
9;9;0.016750;1149508
9;9;0.016750;1149508
9;9;0.016750;1149508
9;9;0.016750;1149508
9;9;0.016750;1149508
9;9;0.016750;1149508
9;9;0.016750;1149508
9;9;0.016751;1149508
9;9;0.016750;1149508
9;9;0.016750;1149508
9;9;0.016750;1149508
9;9;0.016750;1149508
9;9;0.016750;1149508
9;9;0.016750;1149508
9;9;0.016750;1149508
9;9;0.016750;1149508
9;9;0.016750;1149508
9;9;0.016751;1149508
9;8;0.016750;1149508
9;9;0.016750;1149508
9;7;0.016750;1149508
9;9;0.016750;1149508
9;9;0.016750;1149508
9;7;0.016750;1149508
9;9;0.016750;1149508
9;9;0.016750;1149508
9;7;0.016750;1149508
9;9;0.016754;1149508
9;9;0.016750;1149508
9;7;0.016750;1149508
9;9;0.016750;1149508
9;9;0.016760;1149508
9;9;0.016750;1149508
9;9;0.016754;1149508
9;9;0.016750;1149508
9;9;0.016750;1149508
9;9;0.016750;1149508
9;9;0.016750;1149508
9;9;0.016750;1149508
9;9;0.016750;1149508
9;9;0.016750;1149508
9;9;0.016750;1149508
9;9;0.016750;1149508
9;9;0.016751;1149508
9;9;0.016750;1149508
9;7;0.016750;1149508
9;9;0.016750;1149508
9;7;0.016750;1149508
9;9;0.016750;1149508
9;7;0.016751;1149508
9;7;0.016750;1149508
9;7;0.016750;1149508
9;9;0.016750;1149508
9;9;0.016750;1149508
9;3;0.016750;1149508
9;9;0.016750;1149508
9;9;0.016750;1149508
9;7;0.016750;1149508
9;8;0.016750;1149508
9;9;0.016750;1149508
9;9;0.016750;1149508
9;7;0.016750;1149508
9;7;0.016751;1149508
9;4;0.016750;1149508
9;4;0.016750;1149508
9;9;0.016750;1149508
9;9;0.016750;1149508
9;9;0.016756;1149508
9;7;0.016751;1149508
9;9;0.016751;1149508
9;9;0.016750;1149508
9;9;0.016750;1149508
9;9;0.016751;1149508
9;9;0.016750;1149508
9;9;0.016750;1149508
9;9;0.016750;1149508
9;9;0.016750;1149508
9;9;0.016750;1149508
9;9;0.016751;1149508
9;7;0.016750;1149508
9;9;0.016750;1149508
9;9;0.016750;1149508
9;7;0.016750;1149508
9;4;0.016750;1149508
9;7;0.016750;1149508
9;4;0.016751;1149508
9;7;0.016750;1149508
9;9;0.016750;1149508
9;7;0.016750;1149508
9;7;0.016750;1149508
9;7;0.016752;1149508
9;7;0.016750;1149508
9;9;0.016750;1149508
9;3;0.016750;1149508
9;9;0.016750;1149508
9;9;0.016750;1149508
9;9;0.016751;1149508
9;9;0.016750;1149508
9;4;0.016751;1149508
9;9;0.016751;1149508
9;9;0.016750;1149508
9;9;0.016752;1149508
9;9;0.016751;1149508
9;9;0.016751;1149508
9;9;0.016751;1149508
9;9;0.016750;1149508
9;9;0.016750;1149508
9;9;0.016750;1149508
9;9;0.016750;1149508
9;9;0.016750;1149508
9;9;0.016753;1149508
9;9;0.016750;1149508
9;9;0.016751;1149508
9;9;0.016750;1149508
9;9;0.016750;1149508
9;9;0.016750;1149508
9;9;0.016750;1149508
9;9;0.016750;1149508
9;9;0.016750;1149508
9;9;0.016750;1149508
9;9;0.016750;1149508
9;8;0.016750;1149508
9;9;0.016750;1149508
9;9;0.016751;1149508
9;9;0.016750;1149508
9;9;0.016750;1149508
9;9;0.016750;1149508
9;9;0.016750;1149508
9;4;0.016750;1149508
9;9;0.016751;1149508
9;9;0.016750;1149508
9;7;0.016750;1149508
9;9;0.016750;1149508
9;9;0.016750;1149508
9;9;0.016750;1149508
9;9;0.016750;1149508
9;9;0.016750;1149508
9;9;0.016750;1149508
9;9;0.016750;1149508
9;7;0.016750;1149508
9;9;0.016750;1149508
9;7;0.016754;1149508
9;9;0.016751;1149508
9;7;0.016752;1149508
9;4;0.016751;1149508
9;9;0.016750;1149508
9;9;0.016751;1149508
9;8;0.016751;1149508
9;9;0.016751;1149508
9;9;0.016751;1149508
9;7;0.016750;1149508
9;7;0.016751;1149508
9;4;0.016751;1149508
9;9;0.016750;1149508
9;9;0.016754;1149508
9;9;0.016750;1149508
9;3;0.016750;1149508
9;9;0.016750;1149508
9;9;0.016750;1149508
9;9;0.016750;1149508
9;9;0.016751;1149508
9;9;0.016750;1149508
9;9;0.016751;1149508
9;4;0.016752;1149508
9;9;0.016751;1149508
9;9;0.016750;1149508
9;9;0.016750;1149508
9;9;0.016750;1149508
9;9;0.016750;1149508
9;9;0.016750;1149508
9;9;0.016750;1149508
9;9;0.016750;1149508
9;9;0.016751;1149508
9;9;0.016750;1149508
9;8;0.016750;1149508
9;9;0.016750;1149508
9;7;0.016750;1149508
9;9;0.016750;1149508
9;9;0.016750;1149508
9;9;0.016750;1149508
9;9;0.016751;1149508
9;9;0.016750;1149508
9;9;0.016751;1149508
9;9;0.016760;1149508
9;9;0.016750;1149508
9;9;0.016751;1149508
9;9;0.016750;1149508
9;9;0.016751;1149508
9;9;0.016750;1149508
9;9;0.016750;1149508
9;9;0.016751;1149508
9;9;0.016751;1149508
9;9;0.016750;1149508
9;9;0.016750;1149508
9;4;0.016750;1149508
9;9;0.016750;1149508
9;9;0.016750;1149508
9;9;0.016751;1149508
9;9;0.016750;1149508
9;9;0.016750;1149508
9;9;0.016751;1149508
9;9;0.016750;1149508
9;9;0.016750;1149508
9;9;0.016750;1149508
9;9;0.016750;1149508
9;8;0.016750;1149508
9;7;0.016751;1149508
9;9;0.016751;1149508
9;7;0.016750;1149508
9;9;0.016750;1149508
9;7;0.016750;1149508
9;8;0.016750;1149508
9;4;0.016751;1149508
9;9;0.016750;1149508
9;9;0.016751;1149508
9;9;0.016750;1149508
9;9;0.016751;1149508
9;9;0.016750;1149508
9;9;0.016750;1149508
9;7;0.016750;1149508
9;9;0.016750;1149508
9;9;0.016750;1149508
9;9;0.016750;1149508
9;9;0.016751;1149508
9;4;0.016752;1149508
9;9;0.016750;1149508
9;4;0.016750;1149508
9;9;0.016750;1149508
9;9;0.016750;1149508
9;7;0.016750;1149508
9;8;0.016750;1149508
9;7;0.016751;1149508
9;4;0.016750;1149508
9;7;0.016750;1149508
9;9;0.016750;1149508
9;9;0.016750;1149508
9;9;0.016750;1149508
9;9;0.016930;1149508
9;9;0.016751;1149508
9;7;0.016751;1149508
9;9;0.016750;1149508
9;7;0.016750;1149508
9;9;0.016750;1149508
9;9;0.016751;1149508
9;9;0.016750;1149508
9;4;0.016750;1149508
9;9;0.016750;1149508
9;7;0.016750;1149508
9;8;0.016750;1149508
9;9;0.016750;1149508
9;4;0.016750;1149508
9;9;0.016750;1149508
